id,score
1,7.63
2,7.89
3,7.55
4,8.21
5,8.67
6,8.03
7,7.26
8,7.72
9,8.24
10,8.34
11,8.15
12,8.2
13,8.23
14,7.71
15,7.9
16,7.53
17,8.13
18,8.18
19,7.85
20,8.39
21,8.49
22,7.77
23,8.24
24,8.47
25,7.68
26,8.29
27,7.7
28,8.02
29,7.87
30,8.33
31,7.1
32,7.73
33,7.77
34,8.04
35,8.54
36,8.18
37,7.64
38,8.16
39,7.9
40,6.3
41,8.34
42,7.92
43,7.53
44,8.32
45,8.41
46,8.14
47,8.21
48,7.78
49,8.12
50,8.07
51,6.49
52,7.99
53,7.63
54,7.92
55,7.4
56,8.13
57,6.04
58,3.44
59,7.14
60,6.15
61,7.35
62,7.42
63,4.32
64,5.91
65,8.01
66,6.86
67,6.41
68,5.73
69,5.2
70,6.65
71,5.92
72,5.63
73,6.54
74,6.95
75,8.14
76,6.93
77,7.13
78,7.47
79,7.57
80,6.03
81,5.81
82,7.88
83,7.77
84,7.5
85,6.47
86,6.49
87,7.17
88,7.69
89,7.42
90,8.02
91,8.85
92,6.06
93,7.27
94,6.66
95,7.7
96,7.36
97,6.28
98,6.05
99,7.94
100,7.12
101,5.97
102,7.73
103,7.2
104,6.84
105,7.85
106,7.01
107,7.78
108,6.82
109,7.56
110,7.71
111,6.78
112,6.57
113,7
114,7.63
115,7.53
116,5.43
117,8.08
118,5.09
119,6.93
120,7.5
121,6.85
122,7.18
123,5.66
124,5.62
125,6.87
126,5.72
127,6.72
128,7.7
129,7.04
130,5.58
131,6.9
132,6.71
133,5.97
134,7.96
135,7.37
136,6.84
137,6.91
138,5.91
139,7.05
140,6.57
141,7.55
142,7.61
143,6.06
144,6.51
145,6.36
146,5
147,6.07
148,5.7
149,6.97
150,7.53
151,6.03
152,5.36
153,6.3
154,8.01
155,7.22
156,6.09
157,5.55
158,6.47
159,7.89
160,5.75
161,7.51
162,8.07
163,7.56
164,7.98
165,7.33
166,5.95
167,6.88
168,7.49
169,7.03
170,8.21
171,6.71
172,7.84
173,7.34
174,7.3
175,6.09
176,6.51
177,6.66
178,6.9
179,7.93
180,7.68
181,4.85
182,7.82
183,7.85
184,7.1
185,6.01
186,6.02
187,5.91
188,8.24
189,7.68
190,5.13
191,6.08
192,4.42
193,5.8
194,7
195,6.68
196,8.09
197,7.29
198,7.87
199,4.54
200,6.65
201,7.87
202,7.22
203,7.99
204,7.16
205,8.15
206,8.87
207,6.71
208,6.51
209,7.88
210,7.57
211,7.25
212,7.48
213,5.26
214,6.71
215,8.18
216,7.64
217,5.77
218,6.75
219,6.43
220,7.45
221,6.81
222,7.2
223,6.8
224,9.11
225,8.23
226,6.35
227,8.64
228,8.14
229,7.77
230,7.53
231,8.11
232,6.49
233,5.8
234,7.64
235,6.52
236,7.11
237,6.95
238,7.38
239,6.9
240,7.1
241,7.91
242,6.83
243,6.03
244,6.81
245,8.33
246,7.2
247,6.56
248,7.48
249,7.92
250,7.26
251,7.61
252,6.48
253,6.69
254,6.91
255,7.34
256,6.91
257,7.86
258,7.66
259,7.56
260,6.89
261,6.3
262,5.47
263,6.14
264,6.16
265,6.73
266,6.57
267,5.5
268,7.63
269,7.09
270,6.37
271,6.7
272,5.32
273,7.18
274,5.97
275,6.99
276,6.66
277,6.74
278,7.21
279,5.77
280,7.86
281,6.68
282,7.25
283,7.43
284,8.26
285,5.35
286,6.33
287,7.16
288,7.34
289,7.88
290,7.68
291,7.18
292,5.8
293,6.64
294,7.39
295,6.32
296,7.26
297,4.55
298,4.64
299,7.08
300,6.69
301,7.64
302,6.69
303,6.18
304,7.38
305,6.77
306,7.5
307,7.43
308,7.3
309,5.89
310,6.36
311,7.36
312,8
313,6.24
314,7.93
315,6.69
316,6.73
317,6.5
318,7.47
319,7.5
320,6.41
321,6.38
322,7.55
323,6.73
324,7.53
325,6.84
326,5.64
327,6.51
328,8.17
329,8.31
330,6.54
331,4.4
332,7.18
333,5.69
334,8.38
335,7.47
336,6.81
337,6.35
338,6.9
339,7.96
340,6.56
341,3.77
342,8.46
343,8.51
344,6.23
345,6.66
346,7.23
347,5.54
348,6.97
349,7.42
350,7.22
351,6.1
352,6.75
353,7.04
354,5.77
355,8.45
356,6.93
357,8.56
358,7.49
359,6.11
360,7.8
361,7.75
362,7.26
363,7.45
364,8.67
365,7.24
366,7.75
367,6.35
368,8.15
369,6.81
370,5.59
371,8.3
372,7.27
373,5.92
374,6.19
375,8.55
376,4.41
377,6.94
378,7.27
379,7.83
380,5.86
381,7.71
382,8.06
383,7.48
384,5.64
385,6.77
386,7.38
387,5.32
388,8.04
389,5.95
390,7.31
391,8.49
392,7.74
393,7.41
394,6.86
395,7.17
396,6.94
397,6.07
398,6.64
399,8.12
400,6.67
401,7.28
402,6.73
403,5.88
404,6.59
405,7.39
406,7.71
407,7.37
408,6.35
409,7.35
410,5.91
411,7.23
412,6.78
413,6.01
414,6.7
415,5.94
416,6.58
417,6.25
418,5.49
419,7.22
420,5.68
421,7.67
422,4.75
423,7.8
424,7.57
425,6.61
426,7.7
427,6.36
428,4.78
429,6.68
430,6.04
431,7.45
432,7.23
433,7.18
434,4.58
435,8.87
436,5.95
437,5.46
438,3.88
439,7.54
440,7.12
441,6.52
442,7.3
443,6.83
444,6.48
445,7.25
446,7.04
447,5
448,7.5
449,6.06
450,8.03
451,6.57
452,6.95
453,7.43
454,5.61
455,7.69
456,4.77
457,4.16
458,7.52
459,7.28
460,7.28
461,7.44
462,5.75
463,8.45
464,5.72
465,5.93
466,6.89
467,6.98
468,6.59
469,5.29
470,6.9
471,6.55
472,5.44
473,5.24
474,7.57
475,8.34
476,6.12
477,6.76
478,6.41
479,6.57
480,8.29
481,8.02
482,8.31
483,6.98
484,7.59
485,6.32
486,4.89
487,6.37
488,6.43
489,8.22
490,7.47
491,5.83
492,5.66
493,6.19
494,6.64
495,6.33
496,7.26
497,7.84
498,7.03
499,7.22
500,8.43
501,7.09
502,7.46
503,7.46
504,7.32
505,6.56
506,6.5
507,7.37
508,4
509,6.42
510,7.13
511,7.81
512,8.04
513,5.5
514,7.84
515,6.33
516,6.2
517,7.62
518,5.8
519,7.1
520,8.23
521,5.45
522,7.96
523,7.19
524,6.08
525,4.85
526,6.48
527,7.67
528,6.98
529,6.57
530,9.19
531,7.23
532,6.4
533,5.5
534,6.96
535,6.99
536,6.61
537,7.74
538,7.39
539,6.4
540,5.57
541,6.76
542,7.22
543,7.5
544,8.24
545,6.31
546,6.75
547,6.85
548,7.42
549,7.35
550,7.55
551,6.91
552,5.91
553,7.6
554,7.49
555,6.5
556,6.26
557,6.92
558,8.5
559,6.88
560,7.29
561,7.44
562,7.78
563,5.72
564,6.82
565,6.6
566,6.81
567,8.73
568,7.26
569,6.42
570,7.54
571,7.06
572,7.22
573,7.25
574,6.58
575,6.48
576,7.33
577,7.41
578,8.29
579,7.51
580,7.8
581,7.35
582,7.02
583,8.52
584,7.35
585,5.32
586,8.63
587,8.14
588,8.13
589,5.66
590,7.06
591,6.84
592,6.54
593,7.27
594,7.22
595,5.82
596,5.68
597,7.03
598,7.31
599,7.1
600,6.76
601,5.08
602,5.04
603,7.69
604,7.55
605,6.89
606,7.47
607,7.07
608,6.37
609,8.32
610,7.02
611,7.23
612,7.61
613,7.42
614,7.52
615,7.76
616,7.46
617,5.77
618,7.29
619,7.55
620,7.41
621,6.94
622,7.04
623,7.63
624,6.33
625,6.82
626,7.03
627,7.39
628,7.04
629,3.81
630,6.27
631,8
632,6.71
633,7.01
634,7.3
635,7.85
636,7.64
637,6.12
638,7.17
639,6.82
640,9.15
641,7.44
642,7.61
643,6.42
644,7.65
645,6.93
646,7.19
647,7.44
648,7.26
649,7.26
650,7.18
651,7.86
652,5
653,7.59
654,7.16
655,6.85
656,6
657,5.87
658,6.64
659,6.71
660,7.05
661,7.18
662,6.42
663,6.61
664,5.75
665,7.62
666,6.47
667,6.65
668,8.03
669,9.1
670,6.97
671,7.24
672,6.45
673,6.34
674,6.68
675,6.51
676,8.13
677,7.14
678,7.22
679,8.46
680,6.48
681,7.76
682,7.68
683,6.28
684,6.72
685,7.41
686,6.43
687,6.08
688,6.97
689,6.27
690,5.87
691,6.67
692,4.83
693,7.6
694,8
695,6.05
696,6.33
697,6.32
698,7.27
699,8.19
700,4.83
701,7.05
702,7.78
703,7.96
704,6.23
705,7.64
706,6.04
707,8.65
708,6.74
709,4.83
710,5.83
711,6
712,8.44
713,8.07
714,6.35
715,6.89
716,7.44
717,7.06
718,7.37
719,6.12
720,6.42
721,6.26
722,7.01
723,7.8
724,7.64
725,6.64
726,8.24
727,7.14
728,7.02
729,7.88
730,5.48
731,5.36
732,7.59
733,7.36
734,5.05
735,7.11
736,3.51
737,7.01
738,6.68
739,7.28
740,7.62
741,5.92
742,6.71
743,8.34
744,7.28
745,6.59
746,6.22
747,6.74
748,7.45
749,7.87
750,5.42
751,7.32
752,7.11
753,6.57
754,7.6
755,6.19
756,7.8
757,7.66
758,6.89
759,7.69
760,8.01
761,7.3
762,6.71
763,6.63
764,5.42
765,7.31
766,7.16
767,6.03
768,6.85
769,7.66
770,5.65
771,7.23
772,6.74
773,6.59
774,7.12
775,7.3
776,5.53
777,5.53
778,6.32
779,6.7
780,7.46
781,6.62
782,7.13
783,7.32
784,5.89
785,6.75
786,6.3
787,6.31
788,7.74
789,5.54
790,7.35
791,7.45
792,6.78
793,7.98
794,6.94
795,7.84
796,7.52
797,6.79
798,7.16
799,5.64
800,6.77
801,6.65
802,5.72
803,6.6
804,6.15
805,7.68
806,7.44
807,7.88
808,6.29
809,5.94
810,7.42
811,6.44
812,7.8
813,5.1
814,7.38
815,7.22
816,6.86
817,5.31
818,6.85
819,5.65
820,7.46
821,8.32
822,6.19
823,7.29
824,6
825,6.31
826,6.93
827,6.64
828,7.37
829,6.11
830,7.78
831,6.18
832,6.78
833,6.82
834,6.38
835,6.3
836,5.92
837,7.37
838,8.11
839,7.6
840,4.6
841,6.32
842,7.77
843,5.81
844,7.53
845,6.88
846,7.42
847,8.2
848,7.08
849,6.94
850,8.65
851,7.71
852,5.86
853,7.13
854,6.08
855,7.91
856,6.55
857,5.99
858,3.4
859,6.58
860,8.03
861,7.16
862,5.42
863,7.61
864,7.32
865,5.82
866,6.78
867,6.66
868,6.28
869,6.68
870,6.8
871,6.67
872,6.74
873,6.81
874,7.03
875,7.2
876,6.02
877,6.34
878,7.2
879,5.46
880,7.28
881,6.95
882,6.98
883,6
884,7.12
885,6.3
886,5.41
887,6.77
888,7.38
889,5.77
890,5.92
891,7.4
892,6
893,5.35
894,6.9
895,5.55
896,6.41
897,6.14
898,7.59
899,4.33
900,6.21
901,7.26
902,5.9
903,6.55
904,7.89
905,7.41
906,6.3
907,7.13
908,6.93
909,7.38
910,6.66
911,4.41
912,7.02
913,7.15
914,6.56
915,6.26
916,7.03
917,7.29
918,6.22
919,6.77
920,5.08
921,5.88
922,8.12
923,6.88
924,7.52
925,6.72
926,5.31
927,4.87
928,7.64
929,6.96
930,7.42
931,6.31
932,6.8
933,6.46
934,8.5
935,7.02
936,7.06
937,7.75
938,7.08
939,5.5
940,7.41
941,7.32
942,6.3
943,6.9
944,7.14
945,7.01
946,7.75
947,6.36
948,5.47
949,7.56
950,7.7
951,6.98
952,7.35
953,6.21
954,5.97
955,7.04
956,5.86
957,6.74
958,8.44
959,7.48
960,6.18
961,7.55
962,6.65
963,7.54
964,7.87
965,7.64
966,7.36
967,6.64
968,6.4
969,5.9
970,5.81
971,6.48
972,6.57
973,6.23
974,5.18
975,5.06
976,7.27
977,7.67
978,6.63
979,6.57
980,6.86
981,6.95
982,7.37
983,5.85
984,6.39
985,7.44
986,6.21
987,7.91
988,5.57
989,5.88
990,8.21
991,6.86
992,6.14
993,7.36
994,5.86
995,5.53
996,6.95
997,6.93
998,5.82
999,7.19
1000,6.4
1001,6.39
1002,6.24
1003,7.07
1004,6.34
1005,7.08
1006,6.31
1007,6.06
1008,6.06
1009,7.21
1010,6.23
1011,7.46
1012,6.32
1013,6.77
1014,8.8
1015,6.83
1016,7.41
1017,5.65
1018,7.61
1019,7.18
1020,6.9
1021,6.57
1022,6.38
1023,6.34
1024,7.52
1025,7.29
1026,8.32
1027,6.21
1028,6.77
1029,7.2
1030,6.94
1031,6.78
1032,6.15
1033,6.76
1034,6.25
1035,6.34
1036,6.61
1037,8.02
1038,6.32
1039,5.95
1040,7.45
1041,7.04
1042,4.63
1043,4.25
1044,4.39
1045,6.22
1046,7.16
1047,6.81
1048,6.34
1049,7.75
1050,7.15
1051,6.7
1052,7.24
1053,5.38
1054,6.95
1055,5.74
1056,7.4
1057,6.25
1058,7.43
1059,7.44
1060,7.12
1061,7.67
1062,7.32
1063,6.91
1064,7.43
1065,7.46
1066,5.48
1067,7.21
1068,7.31
1069,6.28
1070,6.95
1071,8.36
1072,7.19
1073,8.3
1074,6.78
1075,6.65
1076,7.52
1077,5.61
1078,6.6
1079,7.14
1080,6.99
1081,7.73
1082,6.19
1083,7.4
1084,7.3
1085,7.43
1086,6.59
1087,5.67
1088,6.8
1089,5.8
1090,4.85
1091,6.65
1092,6.95
1093,6.33
1094,5.66
1095,6.46
1096,7.25
1097,6.76
1098,6.88
1099,7.96
1100,7.11
1101,7.74
1102,7.6
1103,7.22
1104,8.09
1105,6.95
1106,6.36
1107,7.26
1108,6.82
1109,6.29
1110,7.02
1111,7.58
1112,7.27
1113,6.21
1114,7.41
1115,6.83
1116,6.32
1117,6.86
1118,6.33
1119,8.73
1120,6.37
1121,7.7
1122,5.74
1123,7.15
1124,7.35
1125,5.79
1126,7.03
1127,6.7
1128,7.42
1129,5.55
1130,6.69
1131,7.04
1132,6.55
1133,7.3
1134,6.54
1135,6
1136,6.63
1137,7.4
1138,6.06
1139,7.38
1140,5.6
1141,7.08
1142,8.49
1143,6.99
1144,7.82
1145,6.52
1146,7.4
1147,6.5
1148,7.22
1149,6.17
1150,7.09
1151,6.78
1152,6.81
1153,8.01
1154,7.19
1155,6.3
1156,7.26
1157,5.87
1158,7.03
1159,4.9
1160,6.15
1161,7.56
1162,6.42
1163,5.44
1164,6.93
1165,5.6
1166,7.26
1167,7.06
1168,6.28
1169,8.46
1170,7.01
1171,7.45
1172,6.56
1173,7.52
1174,7.39
1175,6.33
1176,8.41
1177,6.49
1178,7.27
1179,6.27
1180,6.64
1181,6.65
1182,7.41
1183,7.05
1184,6.38
1185,7.82
1186,7.73
1187,7.14
1188,7.48
1189,7.65
1190,6.14
1191,6.82
1192,5.63
1193,6.67
1194,7.25
1195,6.17
1196,7.89
1197,7.95
1198,4.97
1199,6.71
1200,7.7
1201,6.19
1202,6.73
1203,6.83
1204,6.43
1205,6.35
1206,6.34
1207,5.69
1208,7.54
1209,8.18
1210,4.69
1211,6.31
1212,7.6
1213,6.17
1214,6.28
1215,7.22
1216,6.87
1217,6.74
1218,8.01
1219,5.38
1220,6.38
1221,7.21
1222,7.44
1223,7.38
1224,6.3
1225,7.07
1226,8.17
1227,7.43
1228,7.11
1229,7.62
1230,7
1231,6.43
1232,7.07
1233,6.65
1234,6.51
1235,7.07
1236,5.41
1237,6.33
1238,6.67
1239,6.69
1240,6.34
1241,6.04
1242,7.43
1243,6.98
1244,8.56
1245,7.07
1246,6.57
1247,6.05
1248,6.22
1249,7.39
1250,7.79
1251,6.94
1252,6.79
1253,6.85
1254,7.61
1255,7.28
1256,7.59
1257,7.37
1258,4.86
1259,7.45
1260,5.86
1261,7.22
1262,9.25
1263,7.38
1264,6.51
1265,6.46
1266,5.93
1267,7.48
1268,5.95
1269,5.88
1270,6.92
1271,7.13
1272,6.61
1273,8.1
1274,7.71
1275,6.88
1276,6.89
1277,7.96
1278,6.37
1279,7.35
1280,7.51
1281,7.22
1282,6.57
1283,7.64
1284,5.89
1285,7.21
1286,8.16
1287,6.65
1288,7.21
1289,8.31
1290,6.2
1291,7.52
1292,6.08
1293,6.23
1294,6.92
1295,8.13
1296,8.42
1297,7.02
1298,6.74
1299,6.79
1300,5.45
1301,6.64
1302,8.05
1303,6.54
1304,5.45
1305,6.15
1306,6.71
1307,6.65
1308,6.44
1309,7.4
1310,7.4
1311,6.94
1312,7.42
1313,6.98
1314,6.94
1315,6.48
1316,5.43
1317,7.62
1318,8
1319,7.27
1320,6.45
1321,7.58
1322,5.66
1323,7.12
1324,7.41
1325,7.31
1326,7.33
1327,6.88
1328,7.2
1329,6.66
1330,4.25
1331,7.83
1332,7.92
1333,7.83
1334,4.75
1335,6.01
1336,7.2
1337,5.98
1338,7.27
1339,6.23
1340,7.34
1341,6.66
1342,7.62
1343,5.86
1344,7.24
1345,6.89
1346,7.06
1347,6.34
1348,7.63
1349,6.97
1350,7.78
1351,6.83
1352,6.35
1353,7.17
1354,7.43
1355,6.56
1356,5.65
1357,7.45
1358,7.5
1359,8.39
1360,5.88
1361,7.56
1362,7.94
1363,7.21
1364,7.36
1365,7.44
1366,7.87
1367,9.01
1368,7.79
1369,5.5
1370,7.58
1371,7.41
1372,6.69
1373,8.29
1374,7.41
1375,7.48
1376,7.38
1377,6.32
1378,6.64
1379,6.81
1380,6.51
1381,6.7
1382,6.44
1383,7.12
1384,5.75
1385,7.2
1386,6.64
1387,5.31
1388,7
1389,7.18
1390,6.08
1391,5.28
1392,6.47
1393,5.66
1394,4.62
1395,5.91
1396,7.68
1397,5.3
1398,7.38
1399,7.14
1400,5.7
1401,5.36
1402,7.64
1403,8.02
1404,4.97
1405,7.32
1406,7.11
1407,6.72
1408,7.44
1409,7.54
1410,7.06
1411,6.71
1412,6.59
1413,7.26
1414,6.64
1415,6.94
1416,8.63
1417,7.96
1418,7.7
1419,6.61
1420,7.38
1421,7.24
1422,7.38
1423,7.92
1424,6.62
1425,8.05
1426,3.76
1427,6.88
1428,7.57
1429,6.43
1430,6.44
1431,6.58
1432,6.9
1433,7.94
1434,7.26
1435,6.31
1436,8.13
1437,7.18
1438,8.77
1439,6.99
1440,7.22
1441,6.09
1442,7.17
1443,5.94
1444,6.4
1445,3.31
1446,5.49
1447,7.36
1448,8.54
1449,6.81
1450,3.76
1451,7.39
1452,7.42
1453,7.22
1454,7.16
1455,6.99
1456,5
1457,6.48
1458,5.78
1459,7.9
1460,7.12
1461,6.32
1462,6.96
1463,6.33
1464,6.08
1465,7.7
1466,7.68
1467,6.6
1468,7.2
1469,7.47
1470,6.84
1471,7.02
1472,5.91
1473,7.51
1474,8.41
1475,7.54
1476,9.14
1477,6.72
1478,6.42
1479,5.11
1480,7.71
1481,6.2
1482,6.92
1483,6.38
1484,6.33
1485,7.35
1486,6.75
1487,6.13
1488,5.52
1489,7.58
1490,8
1491,7.77
1492,7.82
1493,7.65
1494,7.23
1495,6.93
1496,7.09
1497,7.79
1498,6.91
1499,6.26
1500,7.46
1501,8.31
1502,8.29
1503,6.62
1504,5.26
1505,6.77
1506,6.71
1507,7.22
1508,6.77
1509,6.59
1510,6.22
1511,5.74
1512,8
1513,7.09
1514,7.31
1515,6.22
1516,8.28
1517,7.39
1518,7.22
1519,6.86
1520,7.52
1521,5.87
1522,6.52
1523,6.18
1524,8.11
1525,6.32
1526,6.88
1527,6.39
1528,7
1529,5.68
1530,5.97
1531,7.44
1532,8.4
1533,7
1534,6.92
1535,7.56
1536,8.47
1537,7.31
1538,6.28
1539,6.19
1540,7.93
1541,7.62
1542,7.91
1543,6.62
1544,5.63
1545,7.2
1546,7.37
1547,7.25
1548,6.06
1549,7.71
1550,6.22
1551,7.9
1552,6.62
1553,6.43
1554,6.69
1555,6.36
1556,5.75
1557,6.64
1558,7.46
1559,5.14
1560,6.83
1561,6.3
1562,7.01
1563,7.56
1564,8.13
1565,6.71
1566,7.45
1567,4.55
1568,6.13
1569,8.15
1570,5.76
1571,6.83
1572,5.55
1573,7.27
1574,4.98
1575,7.8
1576,6.33
1577,7.59
1578,7.67
1579,6.46
1580,7.21
1581,7.4
1582,7.88
1583,6.25
1584,8.42
1585,6.81
1586,7.01
1587,6.75
1588,3.92
1589,8.45
1590,7.55
1591,6.16
1592,6.72
1593,7.23
1594,6.07
1595,6.98
1596,7.08
1597,7.87
1598,6.4
1599,7.6
1600,7.79
1601,7.41
1602,6.28
1603,6.55
1604,6.19
1605,6.77
1606,7.45
1607,5.45
1608,6.77
1609,7.89
1610,5.75
1611,5.03
1612,5.89
1613,6.75
1614,7.79
1615,5.35
1616,6.51
1617,6.32
1618,8.19
1619,6.74
1620,7.35
1621,6.82
1622,4.93
1623,8.33
1624,7.4
1625,6.35
1626,6.99
1627,5.86
1628,6.12
1629,7
1630,6.09
1631,4.56
1632,6.27
1633,6.35
1634,6.06
1635,8.24
1636,6.75
1637,6.68
1638,6.58
1639,5.51
1640,7.44
1641,7.37
1642,6.8
1643,7.12
1644,6.57
1645,6.62
1646,7.54
1647,4.73
1648,6.27
1649,6.13
1650,7.56
1651,6.51
1652,6.83
1653,7.28
1654,7.91
1655,8.35
1656,8.1
1657,6.56
1658,5.28
1659,7.44
1660,5.53
1661,5.96
1662,6.84
1663,6.99
1664,5.13
1665,8.47
1666,6.66
1667,6.51
1668,5.46
1669,6.74
1670,6.49
1671,5.25
1672,7.34
1673,6.75
1674,7.59
1675,7.18
1676,7
1677,8.48
1678,6.38
1679,7.34
1680,5.8
1681,6.59
1682,7.49
1683,8.41
1684,6.67
1685,7.24
1686,6.54
1687,7.5
1688,6.46
1689,7.85
1690,5.4
1691,7.42
1692,6.83
1693,6.13
1694,6.18
1695,7.18
1696,4.61
1697,6.51
1698,7.22
1699,7.4
1700,6.77
1701,6.81
1702,7.09
1703,6.73
1704,7.12
1705,6.86
1706,6.63
1707,6.9
1708,7.15
1709,6.92
1710,6.82
1711,7.01
1712,6.82
1713,6.59
1714,6.61
1715,7.67
1716,6.57
1717,8
1718,8.02
1719,6.78
1720,7.21
1721,6.19
1722,5.88
1723,6.96
1724,5.89
1725,6.19
1726,6.28
1727,6.87
1728,7.85
1729,5.02
1730,6.81
1731,7.16
1732,6.72
1733,6.6
1734,7.91
1735,5.57
1736,5.72
1737,5.89
1738,6.89
1739,5.41
1740,5.82
1741,6.91
1742,7.21
1743,7.4
1744,3.91
1745,7.67
1746,5.22
1747,6.09
1748,7.45
1749,7.93
1750,6.47
1751,5.7
1752,7.36
1753,6.79
1754,7.13
1755,6.99
1756,6.29
1757,6.86
1758,7.92
1759,6.25
1760,8.1
1761,7.46
1762,6.18
1763,7.6
1764,7.07
1765,6.85
1766,7.42
1767,7.95
1768,5.22
1769,7.22
1770,7.15
1771,5.93
1772,6.33
1773,6.66
1774,6.9
1775,7.54
1776,6.99
1777,7.73
1778,6.7
1779,6.46
1780,6.57
1781,6.11
1782,2.61
1783,6.36
1784,7.08
1785,7.34
1786,8.1
1787,6.84
1788,7.88
1789,7.92
1790,7.29
1791,6.59
1792,6.37
1793,8.37
1794,5.38
1795,6.47
1796,6.9
1797,6.18
1798,7.5
1799,7.29
1800,7.59
1801,6.14
1802,7.32
1803,6.47
1804,6.2
1805,6.75
1806,7.84
1807,7.46
1808,7.79
1809,6.71
1810,7.88
1811,7.42
1812,6.57
1813,6.92
1814,8.07
1815,6.59
1816,7.91
1817,6.19
1818,5.41
1819,6.11
1820,7.36
1821,6.87
1822,6.59
1823,7.62
1824,7.45
1825,7.87
1826,6.94
1827,7.18
1828,6.9
1829,6.84
1830,8.66
1831,7.53
1832,5.5
1833,6.41
1834,7.15
1835,7.79
1836,6.94
1837,6.41
1838,6.23
1839,7.61
1840,6.91
1841,7.26
1842,7.75
1843,7.34
1844,7.31
1845,7.66
1846,7.25
1847,6.57
1848,7.35
1849,6.37
1850,7.09
1851,7.51
1852,6.7
1853,7.06
1854,6.53
1855,6.84
1856,6.81
1857,6.78
1858,8.21
1859,6.73
1860,6.55
1861,7.69
1862,4.04
1863,7.44
1864,7.78
1865,7.66
1866,7.36
1867,6.85
1868,7.22
1869,7.49
1870,6.99
1871,5.84
1872,5.18
1873,6.31
1874,7.48
1875,5.7
1876,7.64
1877,6.28
1878,7.12
1879,7.44
1880,7.73
1881,7.19
1882,6.34
1883,7.42
1884,7.43
1885,8.45
1886,7.36
1887,6.92
1888,6.63
1889,6.69
1890,8.83
1891,7.02
1892,6.44
1893,7.04
1894,6.46
1895,7.72
1896,6.91
1897,7.7
1898,7.43
1899,7.46
1900,7.71
1901,8.09
1902,7.41
1903,6.99
1904,6.13
1905,7.04
1906,5.9
1907,6.76
1908,7.29
1909,7.27
1910,7.45
1911,7.22
1912,6.17
1913,6.63
1914,6.31
1915,5.7
1916,8.15
1917,7.04
1918,7.6
1919,7.29
1920,7.57
1921,7.1
1922,7.37
1923,5.98
1924,6.56
1925,6.18
1926,6.54
1927,5.52
1928,6.48
1929,7.55
1930,4.36
1931,7
1932,7.3
1933,6.92
1934,6.88
1935,5.73
1936,7.87
1937,4
1938,6.6
1939,6.94
1940,6.68
1941,5.4
1942,6.16
1943,6.98
1944,7.59
1945,6.67
1946,5.77
1947,7.68
1948,7.5
1949,7.83
1950,6.9
1951,4.64
1952,6.77
1953,7.4
1954,6.99
1955,7.04
1956,7.39
1957,7.91
1958,6.02
1959,6.61
1960,6.97
1961,6.08
1962,5.31
1963,8
1964,7.35
1965,7.31
1966,7.2
1967,6.99
1968,7.49
1969,6.61
1970,4.89
1971,7.32
1972,7.47
1973,7.46
1974,7.35
1975,7.15
1976,6.91
1977,7.42
1978,6.26
1979,8.09
1980,6.17
1981,7.41
1982,8.54
1983,5.44
1984,7.74
1985,5.7
1986,7.55
1987,7.48
1988,5.97
1989,7.33
1990,6
1991,6.92
1992,6.14
1993,6.92
1994,6.81
1995,6.87
1996,7.48
1997,7.05
1998,6.13
1999,6.51
2000,8.77
2001,7.02
2002,3.67
2003,7.21
2004,5.92
2005,7.63
2006,7.35
2007,7.5
2008,6.8
2009,7.3
2010,6.8
2011,8.32
2012,7.19
2013,7.52
2014,6.77
2015,7.6
2016,6.41
2017,7.07
2018,8.21
2019,6.36
2020,3.8
2021,6.75
2022,6.97
2023,8.46
2024,8.03
2025,8.03
2026,6.29
2027,6.31
2028,6.48
2029,7.58
2030,7.17
2031,6.55
2032,4.67
2033,6.86
2034,8.16
2035,7.92
2036,7.65
2037,6.7
2038,6.22
2039,5.33
2040,7.34
2041,6.92
2042,7.27
2043,6.42
2044,7.41
2045,7.79
2046,5.14
2047,7.49
2048,6.02
2049,8.76
2050,6.38
2051,6.6
2052,7.44
2053,7.39
2054,7.94
2055,7
2056,8.28
2057,7.12
2058,6.29
2059,7.16
2060,8
2061,7.91
2062,7.16
2063,6.25
2064,6.93
2065,5.7
2066,7.63
2067,7.12
2068,7.29
2069,4.97
2070,6.86
2071,5.83
2072,6.91
2073,5.95
2074,8.35
2075,7.76
2076,5.78
2077,6.32
2078,4.53
2079,6.33
2080,7.01
2081,6.27
2082,8.12
2083,7.49
2084,6.61
2085,7.49
2086,6.89
2087,7.43
2088,3.6
2089,6.76
2090,6.17
2091,7.01
2092,7.13
2093,7.13
2094,5.07
2095,6.98
2096,6.23
2097,7.17
2098,7.35
2099,5.31
2100,5.47
2101,7.92
2102,6.29
2103,7.9
2104,7.91
2105,6.39
2106,8.43
2107,6.19
2108,7.99
2109,7.61
2110,6
2111,6.98
2112,7.36
2113,6.02
2114,6.66
2115,6.69
2116,7.1
2117,7.75
2118,7.2
2119,8.32
2120,6.27
2121,8.3
2122,8.16
2123,7.06
2124,8.46
2125,6.29
2126,8.13
2127,6.44
2128,7.19
2129,6.95
2130,5
2131,6.61
2132,6.64
2133,7.11
2134,7.32
2135,7.38
2136,6.21
2137,7.7
2138,7.96
2139,5.36
2140,5.43
2141,8.46
2142,7.55
2143,8.18
2144,7.06
2145,7.49
2146,8.36
2147,6.9
2148,7.51
2149,6.89
2150,5.98
2151,7.24
2152,6.53
2153,6.71
2154,7.19
2155,6.42
2156,5.69
2157,7.49
2158,5
2159,7.07
2160,7.86
2161,7.05
2162,7.14
2163,6.1
2164,6.14
2165,7.41
2166,5.61
2167,8.03
2168,7.14
2169,7.14
2170,4.06
2171,7.11
2172,4.4
2173,5.03
2174,7.44
2175,7.41
2176,6.34
2177,6.11
2178,6.81
2179,6.67
2180,6.84
2181,7.25
2182,6.37
2183,7.29
2184,5.34
2185,8.36
2186,6.33
2187,6.36
2188,7.79
2189,6.17
2190,7.04
2191,7.33
2192,7.69
2193,6.47
2194,6.76
2195,7.39
2196,6.54
2197,5.69
2198,7.01
2199,8.71
2200,7.88
2201,5.89
2202,7.09
2203,7.4
2204,6.87
2205,7.49
2206,7.72
2207,6.29
2208,7.8
2209,8.01
2210,7.03
2211,6.2
2212,4.73
2213,6.23
2214,7.32
2215,7.46
2216,6.75
2217,6
2218,7.64
2219,8.52
2220,6.83
2221,6.13
2222,7.46
2223,5.91
2224,7.01
2225,7.13
2226,6.48
2227,6.49
2228,6.45
2229,7
2230,4.9
2231,7.48
2232,6.69
2233,6.23
2234,5.97
2235,7.81
2236,6.65
2237,7.35
2238,7.35
2239,4.83
2240,7.64
2241,6.59
2242,8.27
2243,4.56
2244,6.87
2245,6.78
2246,7.09
2247,6.88
2248,7.9
2249,7.24
2250,7.79
2251,7.14
2252,6.32
2253,7.62
2254,6.81
2255,4.8
2256,7.33
2257,7.47
2258,6.38
2259,6.32
2260,7.88
2261,6.51
2262,8.13
2263,7.57
2264,7.4
2265,6.7
2266,6.94
2267,7.9
2268,7.3
2269,7.11
2270,7.7
2271,7.08
2272,7.25
2273,7.33
2274,7.62
2275,7.67
2276,6.38
2277,6.4
2278,6.98
2279,6.86
2280,6.14
2281,8.17
2282,5.63
2283,6.57
2284,7.16
2285,7.31
2286,7.07
2287,6.64
2288,7.56
2289,8.22
2290,6.66
2291,7.92
2292,7.57
2293,8.2
2294,7.03
2295,3.21
2296,6.4
2297,6.62
2298,6.82
2299,7.33
2300,6.8
2301,7.35
2302,6.96
2303,7.19
2304,7.11
2305,7.14
2306,6.41
2307,4.28
2308,7.73
2309,5.71
2310,7.28
2311,6.53
2312,5.57
2313,7.7
2314,6.8
2315,7.5
2316,7.9
2317,6.65
2318,7.32
2319,7.18
2320,5.43
2321,6.44
2322,7.46
2323,6.87
2324,7.08
2325,7.36
2326,7.31
2327,7.88
2328,4.95
2329,5.15
2330,6.86
2331,6.86
2332,5.92
2333,5.99
2334,7.32
2335,6.59
2336,6.77
2337,6.86
2338,7.51
2339,6.09
2340,7.17
2341,6.25
2342,6.98
2343,8.28
2344,6.7
2345,7.92
2346,6.99
2347,6.57
2348,7.36
2349,7.05
2350,6.32
2351,6.75
2352,8.22
2353,6.8
2354,7.44
2355,7.2
2356,7.02
2357,5.86
2358,7.93
2359,6.91
2360,7.75
2361,6.68
2362,6.95
2363,5.79
2364,8.55
2365,5.84
2366,6.78
2367,8.05
2368,7.35
2369,6.99
2370,7.52
2371,7.37
2372,3.51
2373,2.89
2374,8.32
2375,7.87
2376,6.69
2377,7.63
2378,7.44
2379,6.9
2380,7.13
2381,8.34
2382,6.7
2383,6.75
2384,5.19
2385,6.22
2386,7.19
2387,7.86
2388,7.23
2389,7.75
2390,6.33
2391,5.96
2392,7.51
2393,6.5
2394,7.38
2395,7.24
2396,8.08
2397,6.79
2398,7.66
2399,7.66
2400,6.31
2401,6.1
2402,7.67
2403,6.66
2404,6.17
2405,6.34
2406,8.08
2407,6.89
2408,6.99
2409,4
2410,6.65
2411,6.38
2412,6.72
2413,7.25
2414,7.03
2415,7.56
2416,7.18
2417,6.8
2418,7.76
2419,7.33
2420,7.31
2421,6.33
2422,6.5
2423,7.58
2424,5.91
2425,8.17
2426,7.13
2427,4.86
2428,5.78
2429,6.55
2430,7.37
2431,6.94
2432,7.78
2433,6.76
2434,8.53
2435,7.04
2436,6.69
2437,6
2438,6.43
2439,7.5
2440,5.16
2441,7.57
2442,6.85
2443,6.49
2444,7.7
2445,5.85
2446,6.62
2447,7.03
2448,6.09
2449,6.61
2450,8.21
2451,7.68
2452,6.32
2453,5.33
2454,7.11
2455,5.3
2456,6.02
2457,6.76
2458,7.22
2459,7.05
2460,6.22
2461,6.24
2462,5.59
2463,8.32
2464,7.48
2465,6.27
2466,6.79
2467,6.83
2468,5.67
2469,6.48
2470,6.89
2471,6.16
2472,7.55
2473,7.61
2474,6.39
2475,7.72
2476,7.59
2477,4.2
2478,6.21
2479,7.46
2480,8.21
2481,6.7
2482,7.16
2483,8.17
2484,7.57
2485,8.91
2486,6.98
2487,7.57
2488,7.67
2489,6.36
2490,7.69
2491,8.02
2492,6.32
2493,7.67
2494,7.03
2495,6.71
2496,7.11
2497,7.35
2498,6.97
2499,7.26
2500,7.74
2501,7.76
2502,5.1
2503,7.15
2504,6.43
2505,7.66
2506,6.16
2507,6.57
2508,6.6
2509,4.63
2510,7.89
2511,6.03
2512,3.73
2513,6.06
2514,3.85
2515,7.09
2516,7.51
2517,5.58
2518,7.22
2519,5.8
2520,5.88
2521,6.87
2522,6.94
2523,5.81
2524,6.78
2525,6.85
2526,6.88
2527,7.53
2528,6.8
2529,6.36
2530,7.01
2531,5.88
2532,7.86
2533,6.56
2534,7.36
2535,7.26
2536,6.94
2537,6.48
2538,7.2
2539,6.64
2540,7.82
2541,6.03
2542,6.65
2543,6.41
2544,5.23
2545,7.05
2546,6.59
2547,6.22
2548,8.51
2549,7.3
2550,6.24
2551,6.38
2552,7.99
2553,7.8
2554,6.84
2555,7.41
2556,7.45
2557,7.58
2558,7.39
2559,7.36
2560,5.66
2561,6.7
2562,6.34
2563,6.39
2564,6.67
2565,6.26
2566,7.75
2567,7.45
2568,7.77
2569,6.11
2570,6.17
2571,6.77
2572,6.29
2573,8.2
2574,6.74
2575,6.57
2576,5.9
2577,7.64
2578,6.77
2579,7.71
2580,7.29
2581,5.7
2582,6.9
2583,7.27
2584,6.2
2585,6.19
2586,6.95
2587,8.55
2588,7.4
2589,6.39
2590,6.22
2591,6.8
2592,6.61
2593,4.89
2594,5.86
2595,7.09
2596,7.36
2597,6.15
2598,6.24
2599,6.09
2600,7.71
2601,7.33
2602,6.86
2603,8.31
2604,6.61
2605,8.22
2606,7.34
2607,8.02
2608,8.15
2609,6.53
2610,6.71
2611,6.93
2612,7.92
2613,6.84
2614,6.62
2615,7.68
2616,6.73
2617,6.83
2618,7.74
2619,6.59
2620,5.64
2621,6.64
2622,5.95
2623,8.21
2624,7.67
2625,7.83
2626,7.65
2627,7.08
2628,6.65
2629,7.01
2630,7.1
2631,7.99
2632,7.58
2633,7.65
2634,5.73
2635,7.07
2636,6.56
2637,7.8
2638,6.33
2639,7.31
2640,5.57
2641,6.6
2642,6.1
2643,7
2644,7.06
2645,5.81
2646,7.46
2647,6.26
2648,8.04
2649,6.64
2650,7.1
2651,4.85
2652,6.71
2653,7.3
2654,6.31
2655,6.42
2656,8.41
2657,5.09
2658,8.87
2659,6.57
2660,6
2661,5.84
2662,5.57
2663,7.29
2664,7.72
2665,6.97
2666,5.99
2667,8.21
2668,8.07
2669,7.82
2670,7.31
2671,6.08
2672,7.95
2673,4.82
2674,7.52
2675,7.04
2676,4.91
2677,7.89
2678,6.37
2679,5.27
2680,6.3
2681,6.75
2682,7.48
2683,6.62
2684,4.11
2685,7.92
2686,7.59
2687,7.26
2688,6.59
2689,5.95
2690,7.55
2691,6.34
2692,6.22
2693,6.82
2694,5.91
2695,7.36
2696,6.25
2697,7.15
2698,7.31
2699,4.89
2700,5.64
2701,8.58
2702,6.18
2703,8.04
2704,6.86
2705,6.28
2706,6.7
2707,6.65
2708,5.16
2709,6.87
2710,4.17
2711,7.76
2712,6.37
2713,6.57
2714,5.29
2715,4.65
2716,5.33
2717,6.92
2718,6.41
2719,7.42
2720,6.35
2721,5.55
2722,7.65
2723,5.81
2724,7.32
2725,6.33
2726,5.6
2727,6.71
2728,7.13
2729,6.43
2730,7.46
2731,7.17
2732,7.47
2733,7.57
2734,7.11
2735,5.74
2736,7.86
2737,5.26
2738,6.75
2739,7.42
2740,8.38
2741,6.71
2742,5.88
2743,5.28
2744,5.71
2745,7.81
2746,7.05
2747,6.31
2748,7.15
2749,6.61
2750,5.86
2751,7.39
2752,6.77
2753,8.13
2754,8.34
2755,7.15
2756,5.9
2757,6.92
2758,7.7
2759,7.41
2760,6.35
2761,8.27
2762,6.49
2763,6.23
2764,7.37
2765,6.1
2766,7.53
2767,6.51
2768,7.34
2769,7.75
2770,7.9
2771,7.21
2772,7.51
2773,5.56
2774,9.07
2775,8.31
2776,6.65
2777,7.55
2778,6.61
2779,6.58
2780,7.02
2781,6.38
2782,7.97
2783,7.32
2784,8.65
2785,6.18
2786,7.29
2787,7.57
2788,6.05
2789,7.37
2790,7.44
2791,6.82
2792,5.73
2793,5.84
2794,6.67
2795,6.91
2796,7.17
2797,7.06
2798,6.78
2799,6.25
2800,6.37
2801,7.79
2802,5.42
2803,7.25
2804,6.53
2805,6.83
2806,7.95
2807,7.73
2808,6.83
2809,8.03
2810,6.89
2811,6.48
2812,6.5
2813,7.32
2814,7.5
2815,6.91
2816,7.89
2817,6.92
2818,7.31
2819,7.27
2820,6.74
2821,8.43
2822,8.05
2823,6.65
2824,7.43
2825,6.01
2826,5.28
2827,7.08
2828,4.22
2829,6.55
2830,7.34
2831,7.05
2832,7.37
2833,4.71
2834,7.33
2835,7.2
2836,7.84
2837,8.05
2838,6.3
2839,7.48
2840,7.41
2841,7.05
2842,7.48
2843,7.61
2844,7.35
2845,6.31
2846,7.4
2847,6.62
2848,6.94
2849,7.23
2850,7.4
2851,7.68
2852,7.56
2853,7.75
2854,7.66
2855,6.78
2856,5.4
2857,7.34
2858,7.71
2859,7.06
2860,6.31
2861,6.74
2862,5.44
2863,7.34
2864,6.87
2865,7.77
2866,8.28
2867,7.31
2868,6.52
2869,7.48
2870,6
2871,7.46
2872,7.15
2873,6.62
2874,5.68
2875,6.14
2876,6.66
2877,7.57
2878,7.59
2879,8.02
2880,7.41
2881,7.4
2882,6.29
2883,6.4
2884,3.93
2885,6.85
2886,4.75
2887,5.18
2888,6.4
2889,8.07
2890,6.98
2891,7.18
2892,3.75
2893,6.76
2894,6.28
2895,7.03
2896,6.3
2897,6.59
2898,6.35
2899,7.38
2900,6.39
2901,7.12
2902,6.5
2903,6.11
2904,7.28
2905,7.09
2906,7.6
2907,7.52
2908,6.88
2909,7.77
2910,6.59
2911,7.12
2912,6.9
2913,7.07
2914,7.21
2915,5.32
2916,7.35
2917,6.81
2918,7.17
2919,8.04
2920,6.39
2921,8.08
2922,4.1
2923,7.49
2924,6.22
2925,8.4
2926,4.1
2927,6.58
2928,7.88
2929,6.57
2930,7.05
2931,6.39
2932,6.8
2933,7.25
2934,7.15
2935,6.35
2936,6.69
2937,6.37
2938,6.65
2939,8.08
2940,5.64
2941,6.58
2942,7.31
2943,7.3
2944,7.49
2945,6.35
2946,7.42
2947,8.14
2948,7.04
2949,6.61
2950,7.18
2951,6.4
2952,7.42
2953,9.15
2954,7.15
2955,6.29
2956,5
2957,7.29
2958,5.79
2959,6.91
2960,7.62
2961,7.86
2962,6.71
2963,7.91
2964,7.16
2965,6.68
2966,7.26
2967,8.46
2968,6.84
2969,6.11
2970,7.53
2971,7.28
2972,7.46
2973,6.6
2974,6.82
2975,6.39
2976,6.49
2977,8.19
2978,5.28
2979,4.08
2980,6.08
2981,6.8
2982,6.11
2983,6.85
2984,7.27
2985,5.9
2986,6.87
2987,6.66
2988,7.65
2989,7.75
2990,5.5
2991,6.24
2992,8.3
2993,6
2994,6.47
2995,7.05
2996,6.94
2997,6.57
2998,8.64
2999,5.62
3000,6.25
3001,7.43
3002,5.08
3003,7.11
3004,6.69
3005,5.51
3006,7.81
3007,6.63
3008,8.28
3009,7.64
3010,7.56
3011,5.94
3012,7.49
3013,5.02
3014,8.09
3015,7.36
3016,6.52
3017,7.57
3018,5.84
3019,6.95
3020,6.05
3021,5.18
3022,8.15
3023,6.76
3024,5.99
3025,6.11
3026,7.69
3027,7.17
3028,6.55
3029,6.01
3030,6.18
3031,7.05
3032,6.75
3033,6.99
3034,7.77
3035,7.04
3036,7.25
3037,7.66
3038,6.89
3039,7.15
3040,5.93
3041,7.02
3042,7.42
3043,7.27
3044,7.12
3045,7.08
3046,6.77
3047,6.81
3048,7.89
3049,6.87
3050,6
3051,5.97
3052,7.23
3053,8.66
3054,4.92
3055,6.25
3056,7.89
3057,7.62
3058,5.61
3059,7.07
3060,6.13
3061,6.83
3062,6.57
3063,8.02
3064,7.27
3065,4.79
3066,8.45
3067,7.43
3068,8.1
3069,6.64
3070,6.64
3071,6.26
3072,7.38
3073,7.05
3074,6.49
3075,8.44
3076,5.15
3077,5.77
3078,7.3
3079,7.65
3080,7.73
3081,6.12
3082,7.34
3083,6.25
3084,5.76
3085,6.22
3086,6.06
3087,7.73
3088,7.73
3089,6.4
3090,7.38
3091,8.5
3092,6.11
3093,7.41
3094,7.4
3095,7.14
3096,7.47
3097,6.72
3098,7.35
3099,6.62
3100,7.8
3101,7.26
3102,7.47
3103,8.79
3104,6.02
3105,7.08
3106,8.07
3107,4.93
3108,8.41
3109,8.47
3110,6.8
3111,8.13
3112,8.6
3113,6.86
3114,4.3
3115,6.64
3116,6.2
3117,7.24
3118,6.93
3119,7.05
3120,6.79
3121,8.99
3122,7.71
3123,6.8
3124,7.04
3125,6.86
3126,7.84
3127,6.67
3128,7.43
3129,7.22
3130,7.42
3131,7.47
3132,6.2
3133,7.22
3134,7.58
3135,6.92
3136,8.52
3137,8.21
3138,7.45
3139,7.23
3140,7.06
3141,7.58
3142,5.48
3143,7.32
3144,8.11
3145,7
3146,7.07
3147,9.01
3148,6.98
3149,6.7
3150,7.49
3151,7.46
3152,7.15
3153,6.63
3154,4.83
3155,7.11
3156,9.04
3157,7.13
3158,8.35
3159,5.83
3160,7.03
3161,7.82
3162,6.44
3163,6.05
3164,6.37
3165,7.27
3166,6.6
3167,7.6
3168,7.28
3169,6.21
3170,6.64
3171,7.18
3172,7.72
3173,7.03
3174,6.19
3175,6.62
3176,6.47
3177,7.29
3178,6.88
3179,6.58
3180,6.44
3181,9.02
3182,6.76
3183,6.46
3184,6.86
3185,6.09
3186,5.78
3187,6.3
3188,5.43
3189,7.16
3190,7.5
3191,7.28
3192,6.3
3193,5.69
3194,5.71
3195,7.32
3196,6.29
3197,5.94
3198,7.58
3199,5.61
3200,6.55
3201,6.26
3202,4.6
3203,6.9
3204,6.95
3205,5.7
3206,7.35
3207,4.69
3208,7.75
3209,7.88
3210,6.75
3211,6.34
3212,7.4
3213,5.42
3214,7.5
3215,8.11
3216,6.82
3217,7.93
3218,5.35
3219,6.54
3220,7.7
3221,5.66
3222,5.53
3223,8.19
3224,6.7
3225,7.94
3226,6.68
3227,6.96
3228,6.26
3229,7.08
3230,7.11
3231,7.69
3232,7.3
3233,6.38
3234,6.9
3235,5.63
3236,6.46
3237,8.23
3238,7.59
3239,8.31
3240,6.55
3241,7.32
3242,7.02
3243,5.87
3244,7.2
3245,8.41
3246,6.62
3247,7
3248,7.99
3249,7.39
3250,7.04
3251,7.66
3252,5.21
3253,5.55
3254,7.49
3255,5.32
3256,7.01
3257,7.31
3258,7.04
3259,7.71
3260,7.41
3261,5.79
3262,7.38
3263,7.35
3264,7.81
3265,6.99
3266,8.15
3267,6.82
3268,7.81
3269,7.99
3270,7.22
3271,7.98
3272,7.35
3273,6.72
3274,6.73
3275,8.05
3276,7.62
3277,5.97
3278,4.5
3279,6.68
3280,6.75
3281,6.71
3282,6.83
3283,7.56
3284,7.58
3285,6.1
3286,5.55
3287,4.95
3288,7.96
3289,6.53
3290,6.92
3291,7.2
3292,6.21
3293,7.61
3294,6.52
3295,7.28
3296,8.59
3297,7.57
3298,7.5
3299,6.86
3300,7.31
3301,4.89
3302,7.89
3303,6.6
3304,7.6
3305,5.76
3306,4.53
3307,6.3
3308,5.71
3309,7.35
3310,6.92
3311,6.63
3312,6.65
3313,7.31
3314,7.06
3315,6.78
3316,7.37
3317,7.38
3318,7.67
3319,8.15
3320,7.3
3321,6.95
3322,6.97
3323,6.89
3324,7.52
3325,7.45
3326,7.19
3327,7.26
3328,5.74
3329,8.13
3330,5.9
3331,7.14
3332,6.4
3333,7.16
3334,6.17
3335,7.31
3336,6.7
3337,7.95
3338,8.37
3339,7.26
3340,7.07
3341,6.83
3342,6.45
3343,6.6
3344,6.59
3345,8.06
3346,8.06
3347,7.54
3348,8.14
3349,6.37
3350,6.91
3351,5.54
3352,7.5
3353,7.58
3354,6.81
3355,6.33
3356,6.84
3357,6.64
3358,7.41
3359,7.36
3360,6.75
3361,6.65
3362,7.54
3363,6.87
3364,6.11
3365,6.42
3366,7.46
3367,7.74
3368,4.48
3369,7.01
3370,7.58
3371,6.66
3372,6.82
3373,7.17
3374,7.96
3375,6.16
3376,6.8
3377,5.66
3378,7.52
3379,4.75
3380,4.92
3381,6.89
3382,5.72
3383,7.65
3384,7.45
3385,8.44
3386,6.13
3387,7.18
3388,8.38
3389,6.86
3390,7.24
3391,7.87
3392,5.78
3393,6.75
3394,6.84
3395,7.2
3396,6.92
3397,6.64
3398,7.57
3399,7.61
3400,7.98
3401,6.67
3402,7.63
3403,8.92
3404,7.36
3405,6.78
3406,6.25
3407,7.62
3408,4.13
3409,7.73
3410,8.27
3411,6.3
3412,7.03
3413,6.39
3414,6.15
3415,6.99
3416,6.67
3417,6.88
3418,7.28
3419,6.62
3420,6.63
3421,5.64
3422,6.78
3423,8.1
3424,6.1
3425,6.67
3426,6.58
3427,6.56
3428,7.59
3429,6.74
3430,6.97
3431,5.7
3432,6.85
3433,4.78
3434,5.93
3435,6.65
3436,7.73
3437,6.56
3438,6.71
3439,6.98
3440,6.23
3441,7.47
3442,7.31
3443,7.6
3444,8.05
3445,8.38
3446,7.11
3447,5.36
3448,6.62
3449,6.69
3450,6.18
3451,7.47
3452,6.21
3453,6.56
3454,6.27
3455,6.73
3456,5.52
3457,6.1
3458,6.88
3459,7.07
3460,6.26
3461,7.04
3462,7.41
3463,6.83
3464,5.75
3465,7.99
3466,6.56
3467,7.51
3468,6.72
3469,6.74
3470,7.72
3471,7.8
3472,8.49
3473,7.32
3474,6.91
3475,7.1
3476,6.54
3477,5.45
3478,4.25
3479,7.61
3480,7.19
3481,7.55
3482,6.29
3483,5.91
3484,8.55
3485,6.69
3486,8.5
3487,8.18
3488,7.4
3489,7.72
3490,7.83
3491,7.6
3492,7.35
3493,6.85
3494,7.04
3495,6.32
3496,7.75
3497,6.44
3498,4.87
3499,7.1
3500,6.2
3501,6.84
3502,7.25
3503,7.87
3504,5.67
3505,6.96
3506,7.76
3507,6.34
3508,7.31
3509,4.88
3510,6.54
3511,4.04
3512,8.1
3513,7.15
3514,6.69
3515,7.23
3516,6.9
3517,7.28
3518,6.72
3519,6.36
3520,7.7
3521,6.95
3522,6.65
3523,7.54
3524,7.66
3525,5.89
3526,7.09
3527,6.7
3528,6.48
3529,7.09
3530,7.18
3531,6.45
3532,6.87
3533,5.11
3534,5.26
3535,6.66
3536,8.59
3537,6.02
3538,6.87
3539,6.42
3540,7.23
3541,7.47
3542,6.38
3543,6.51
3544,7.57
3545,6.61
3546,6.91
3547,7.86
3548,7.8
3549,8.95
3550,6.38
3551,7.29
3552,8.5
3553,7.04
3554,7.46
3555,7.71
3556,5.3
3557,5.33
3558,5.23
3559,7.22
3560,7.96
3561,6.51
3562,7.58
3563,8.12
3564,7.2
3565,7.32
3566,6.49
3567,7.7
3568,6.32
3569,6.67
3570,4.23
3571,6.66
3572,6.61
3573,7.83
3574,7.88
3575,5.28
3576,8.05
3577,8.12
3578,7.9
3579,6.44
3580,7.24
3581,4.95
3582,6.58
3583,7.04
3584,6.37
3585,7.05
3586,6.24
3587,7.6
3588,7.72
3589,5.71
3590,7.67
3591,7.19
3592,8.33
3593,6.37
3594,7.15
3595,8.16
3596,8.3
3597,5.59
3598,6.73
3599,7.18
3600,7.13
3601,7.5
3602,6.92
3603,7.2
3604,7
3605,5.03
3606,6.87
3607,7.12
3608,8.12
3609,6.85
3610,3.58
3611,7.08
3612,6.22
3613,6.56
3614,7.3
3615,5.78
3616,4.71
3617,6.76
3618,5.79
3619,7.69
3620,5.21
3621,6.29
3622,7.68
3623,4.89
3624,7.25
3625,5.87
3626,7.11
3627,7.59
3628,5.09
3629,7.19
3630,6.22
3631,6.17
3632,6.39
3633,6.41
3634,6.76
3635,7.79
3636,7.66
3637,6.64
3638,6.75
3639,6.85
3640,6.71
3641,7.31
3642,7.19
3643,6.78
3644,7.31
3645,6.73
3646,7.38
3647,6.96
3648,7.4
3649,6.33
3650,7.43
3651,7.15
3652,7.68
3653,6.23
3654,4.64
3655,4.87
3656,7.22
3657,7.23
3658,6.05
3659,6.22
3660,7.05
3661,6.4
3662,8.69
3663,7.48
3664,6.95
3665,6.13
3666,6.47
3667,7.98
3668,6.55
3669,7.39
3670,6.45
3671,7.1
3672,7.17
3673,6.78
3674,7.24
3675,6.8
3676,5.58
3677,7.47
3678,7.43
3679,6.38
3680,7.2
3681,6.9
3682,5.81
3683,5.67
3684,6.48
3685,6.77
3686,5.65
3687,6.6
3688,6.63
3689,4.9
3690,5.2
3691,8.65
3692,3.19
3693,6.78
3694,7.89
3695,6.18
3696,6.57
3697,7.15
3698,7.04
3699,7.11
3700,3.58
3701,5.76
3702,6.97
3703,6.32
3704,6.56
3705,7.35
3706,7.2
3707,6.5
3708,7.14
3709,7.98
3710,7.41
3711,5.9
3712,8.44
3713,6.61
3714,5.97
3715,7.89
3716,6.55
3717,6.45
3718,7.73
3719,7.13
3720,6.39
3721,5.33
3722,6.52
3723,6.55
3724,7.42
3725,6.34
3726,7.72
3727,6.3
3728,7.09
3729,6.98
3730,6.89
3731,5.87
3732,5.92
3733,8.1
3734,7.25
3735,7.29
3736,7.58
3737,6.68
3738,6.4
3739,7.26
3740,7.36
3741,6.66
3742,7.15
3743,7.29
3744,6.18
3745,6.52
3746,6.6
3747,6.52
3748,5.14
3749,6.48
3750,6.18
3751,7.33
3752,6.29
3753,6.7
3754,8.14
3755,7.51
3756,5.49
3757,6.83
3758,6.11
3759,6.65
3760,7.36
3761,6.59
3762,7.36
3763,7.29
3764,7.49
3765,7.12
3766,7.43
3767,6.24
3768,8.04
3769,5.77
3770,7.25
3771,6.42
3772,7.09
3773,6.51
3774,7.87
3775,6.71
3776,7.7
3777,5.89
3778,7.19
3779,7.35
3780,6.53
3781,5.61
3782,6.5
3783,6.45
3784,6.42
3785,5.14
3786,7.16
3787,7.72
3788,5.87
3789,7.39
3790,7.76
3791,6.91
3792,8.34
3793,7.91
3794,5.85
3795,7.38
3796,7.39
3797,6.74
3798,7.68
3799,7.24
3800,6.55
3801,8.67
3802,6.62
3803,6.63
3804,7.72
3805,5.66
3806,6.84
3807,6.84
3808,7.26
3809,7.53
3810,6.72
3811,6.51
3812,5.99
3813,7.07
3814,7.39
3815,7.72
3816,6.19
3817,6.73
3818,6.17
3819,7.15
3820,6.3
3821,8.17
3822,7.48
3823,6.96
3824,7.37
3825,6.19
3826,7.59
3827,8.66
3828,5.61
3829,6.37
3830,6.55
3831,8.2
3832,5.76
3833,6.67
3834,7.24
3835,7.26
3836,5.53
3837,6.11
3838,7.04
3839,4.81
3840,7.7
3841,7.36
3842,6.69
3843,6.79
3844,6.8
3845,6.87
3846,7.32
3847,7.13
3848,5
3849,5.78
3850,7.37
3851,6.11
3852,7.2
3853,6.21
3854,7.48
3855,7.75
3856,6.85
3857,7.01
3858,5.96
3859,6.35
3860,6.68
3861,6.49
3862,7.08
3863,6.68
3864,5.7
3865,6.45
3866,7.95
3867,6.58
3868,7.71
3869,7.29
3870,7.75
3871,6.47
3872,6.2
3873,7.21
3874,5.88
3875,6.45
3876,6.82
3877,5.99
3878,6.25
3879,5.15
3880,6.56
3881,5.83
3882,5.13
3883,8.05
3884,6.33
3885,6.18
3886,6.86
3887,6.91
3888,7.39
3889,5.21
3890,6.43
3891,7.69
3892,7.56
3893,6.88
3894,7.03
3895,7.04
3896,8.49
3897,6.98
3898,4.61
3899,6.55
3900,7.35
3901,8.19
3902,7.74
3903,7.26
3904,6.59
3905,6.6
3906,5.98
3907,7.34
3908,7.32
3909,6.25
3910,8.48
3911,4.99
3912,7.57
3913,6.37
3914,6.68
3915,7.21
3916,6.61
3917,6.15
3918,5.34
3919,7.2
3920,6.3
3921,6.3
3922,6.67
3923,6.69
3924,7.11
3925,6.93
3926,5.74
3927,7.51
3928,8.04
3929,6.2
3930,7.03
3931,6.96
3932,8.38
3933,6.2
3934,7.41
3935,6.63
3936,7.05
3937,8.4
3938,5.54
3939,6.04
3940,7.33
3941,7.39
3942,6.41
3943,6.23
3944,6.71
3945,6.29
3946,4.6
3947,6.7
3948,6.73
3949,7.4
3950,8.33
3951,6.48
3952,6.64
3953,6.87
3954,6.94
3955,8.18
3956,8.47
3957,6
3958,7.26
3959,7.07
3960,7.59
3961,7.5
3962,6.64
3963,6.62
3964,6.26
3965,4.92
3966,4.08
3967,7.75
3968,7.57
3969,5.97
3970,5.86
3971,7.38
3972,7.53
3973,6.79
3974,7.14
3975,6.72
3976,6.31
3977,7.56
3978,5.05
3979,7.49
3980,6.91
3981,6.2
3982,6.94
3983,6.21
3984,5.15
3985,6.25
3986,6.88
3987,6.05
3988,6.99
3989,8.44
3990,6.14
3991,7.37
3992,6.94
3993,7.51
3994,5.95
3995,5.28
3996,8.15
3997,5.7
3998,5.89
3999,5.45
4000,7.93
4001,6.64
4002,7
4003,5.9
4004,7.62
4005,6.35
4006,6.84
4007,7.6
4008,6.53
4009,6.14
4010,5.61
4011,8.38
4012,7.45
4013,7.82
4014,8.25
4015,7.13
4016,7.5
4017,5.5
4018,7.21
4019,7.38
4020,5.53
4021,4.94
4022,7.69
4023,6.36
4024,3.9
4025,7.67
4026,6.57
4027,6.8
4028,6.29
4029,6.24
4030,5.26
4031,6.14
4032,6.06
4033,4.6
4034,7.04
4035,7.26
4036,6.74
4037,7.2
4038,6.16
4039,5.65
4040,7.32
4041,5.64
4042,6.81
4043,7.37
4044,8.03
4045,7.69
4046,7.97
4047,4.99
4048,7.76
4049,8.16
4050,5.42
4051,6.83
4052,6.73
4053,8.21
4054,6.51
4055,7.05
4056,2.33
4057,7.74
4058,6.8
4059,7.94
4060,7.05
4061,7.43
4062,5.63
4063,6.55
4064,6.33
4065,7.91
4066,5.64
4067,7.11
4068,4.58
4069,5.79
4070,6.69
4071,6.28
4072,6.12
4073,6.86
4074,6.34
4075,4.08
4076,6.34
4077,5.76
4078,7.02
4079,7.71
4080,5.66
4081,6.56
4082,7.63
4083,6.4
4084,8.52
4085,6.17
4086,7.29
4087,7.72
4088,7.32
4089,6.5
4090,5.45
4091,8.32
4092,7.81
4093,7.75
4094,5.67
4095,7.13
4096,5.33
4097,7.32
4098,6.5
4099,7.31
4100,7.08
4101,4.85
4102,7.39
4103,6.51
4104,7.06
4105,7.92
4106,6.22
4107,6.04
4108,5.53
4109,7.71
4110,5.73
4111,7.45
4112,6.23
4113,6.31
4114,5.29
4115,6.9
4116,8.48
4117,7.13
4118,7.76
4119,7.8
4120,6.51
4121,6.8
4122,7.46
4123,6.17
4124,7.93
4125,7.46
4126,6.89
4127,7.44
4128,7.32
4129,7.88
4130,6.88
4131,7.7
4132,7.45
4133,6.43
4134,6.63
4135,5.72
4136,6.78
4137,6.3
4138,7.54
4139,5.3
4140,6.65
4141,6.04
4142,4.52
4143,7.12
4144,5.91
4145,5.6
4146,6.32
4147,8.14
4148,6.93
4149,6.89
4150,6.19
4151,6.09
4152,6.75
4153,7.58
4154,6.55
4155,8.27
4156,8.24
4157,3.71
4158,8.33
4159,8.05
4160,6.34
4161,6.97
4162,7.84
4163,4.69
4164,6.78
4165,7.03
4166,5.92
4167,6.34
4168,6.14
4169,6.74
4170,7.75
4171,4.73
4172,7.21
4173,4.56
4174,7.01
4175,5.04
4176,7.16
4177,7.17
4178,6.67
4179,7.16
4180,7.33
4181,7.8
4182,7.58
4183,6.76
4184,7.34
4185,5.43
4186,7.13
4187,7.36
4188,6.75
4189,7.06
4190,7.03
4191,6.91
4192,5.05
4193,8.07
4194,7.35
4195,6.37
4196,6.54
4197,7.76
4198,6.84
4199,7.87
4200,6.49
4201,5.4
4202,7.1
4203,6.98
4204,7.43
4205,7.48
4206,6.63
4207,6.51
4208,6.97
4209,4.07
4210,7.79
4211,7.67
4212,5.75
4213,5.67
4214,8.73
4215,6.91
4216,6.29
4217,5.53
4218,7.84
4219,7.13
4220,6.36
4221,7.52
4222,7.9
4223,7
4224,6.3
4225,5.56
4226,7.04
4227,7.41
4228,6.26
4229,7.09
4230,5.78
4231,6.16
4232,7.71
4233,7.4
4234,6.54
4235,8.36
4236,6.6
4237,5.13
4238,5.5
4239,7.45
4240,7.48
4241,5.75
4242,7.89
4243,7.62
4244,6.72
4245,7.25
4246,7.52
4247,7.05
4248,7.49
4249,5.88
4250,6.5
4251,6.78
4252,7.02
4253,7.49
4254,7.54
4255,7.38
4256,6.36
4257,7.29
4258,6.8
4259,7.01
4260,6.57
4261,7.13
4262,6.34
4263,8.19
4264,7.11
4265,7.07
4266,4.55
4267,8.43
4268,6.27
4269,7.67
4270,5.6
4271,8.09
4272,8.03
4273,7.22
4274,7
4275,7.98
4276,7.23
4277,6.67
4278,5.87
4279,7.3
4280,7.57
4281,7.85
4282,5.83
4283,9.11
4284,6.74
4285,6.4
4286,6.19
4287,5.98
4288,6.64
4289,6.7
4290,8.29
4291,6.37
4292,8.18
4293,6.45
4294,7.13
4295,8.24
4296,6.87
4297,8.27
4298,8.62
4299,7.88
4300,7.19
4301,7.9
4302,8.06
4303,7.46
4304,7.62
4305,6.31
4306,6.7
4307,7.14
4308,7.07
4309,7.85
4310,3.87
4311,7.79
4312,6.5
4313,6.93
4314,7.16
4315,7.26
4316,6.83
4317,7.53
4318,5.84
4319,5.81
4320,5.95
4321,7.92
4322,6.14
4323,5.87
4324,7.86
4325,8.17
4326,7.42
4327,7.79
4328,7.62
4329,7.16
4330,4.67
4331,6.77
4332,8.02
4333,6.34
4334,7.85
4335,6.94
4336,6.67
4337,7.39
4338,7.37
4339,5.88
4340,6.88
4341,7.31
4342,5.64
4343,3.82
4344,6.61
4345,7.52
4346,7.47
4347,7.07
4348,8.12
4349,5.72
4350,6.46
4351,7.95
4352,6.74
4353,7.6
4354,3.79
4355,6.28
4356,6.59
4357,8.81
4358,7.7
4359,6.69
4360,6.68
4361,8.46
4362,6.46
4363,6.58
4364,6.39
4365,6.09
4366,7.08
4367,7.19
4368,6.52
4369,7.13
4370,6.21
4371,5.9
4372,8.13
4373,4.75
4374,7.21
4375,8.32
4376,3.25
4377,7.11
4378,7.89
4379,7.14
4380,5.52
4381,6.59
4382,7.81
4383,6.38
4384,8.47
4385,7.56
4386,7.32
4387,6.68
4388,7.31
4389,6.1
4390,6.67
4391,5.84
4392,7.22
4393,6.8
4394,6.22
4395,6.65
4396,8.06
4397,5.93
4398,8.52
4399,7.22
4400,5.93
4401,7.03
4402,7.23
4403,8.27
4404,7.37
4405,6.88
4406,5.67
4407,6.43
4408,5.85
4409,7.52
4410,4.6
4411,7.51
4412,7.17
4413,8.11
4414,7.3
4415,7.27
4416,7.04
4417,6.36
4418,8.39
4419,7.16
4420,7.43
4421,7.36
4422,6.19
4423,8.19
4424,5.05
4425,6.47
4426,6.37
4427,7.79
4428,7.13
4429,7.08
4430,7.58
4431,8.44
4432,6.06
4433,7.15
4434,6.55
4435,7.04
4436,6.09
4437,7.03
4438,7.02
4439,6.24
4440,8.34
4441,7.11
4442,6.11
4443,5.55
4444,8.16
4445,6.36
4446,7.22
4447,7.13
4448,6.22
4449,6.6
4450,6.88
4451,6.75
4452,6.83
4453,6.96
4454,5.16
4455,6.87
4456,6.94
4457,7.59
4458,6.66
4459,7.92
4460,6.48
4461,7.42
4462,6.94
4463,6.19
4464,6.76
4465,8.11
4466,7.52
4467,8.12
4468,8.22
4469,8.18
4470,6.48
4471,7.26
4472,6.99
4473,5.59
4474,7.3
4475,6.65
4476,7.75
4477,6.27
4478,6.95
4479,7.81
4480,7.42
4481,6.84
4482,7.16
4483,6.78
4484,7.06
4485,5.76
4486,7.31
4487,6.95
4488,6.09
4489,5.68
4490,6.35
4491,7.23
4492,7.68
4493,7.24
4494,6.3
4495,7.41
4496,5.43
4497,6.76
4498,7.04
4499,6.58
4500,6.18
4501,4.87
4502,7.26
4503,7.26
4504,4.33
4505,6.53
4506,7.87
4507,6.67
4508,6.93
4509,6.79
4510,5.76
4511,7.14
4512,5.8
4513,5.09
4514,6.48
4515,6.47
4516,7.64
4517,4.93
4518,7.38
4519,7.28
4520,7.3
4521,7.35
4522,6.16
4523,6.29
4524,7.56
4525,7.86
4526,6.9
4527,7.8
4528,6.08
4529,6.38
4530,7.25
4531,6.89
4532,6.46
4533,6.29
4534,4.14
4535,7.73
4536,6.79
4537,5.83
4538,7.97
4539,7.12
4540,7.32
4541,5.95
4542,6.15
4543,7.56
4544,7.96
4545,7.14
4546,6.54
4547,5.66
4548,6.39
4549,5.22
4550,8.01
4551,8.23
4552,6.15
4553,7.53
4554,6.6
4555,6.74
4556,7.4
4557,7.68
4558,7.48
4559,8.29
4560,5.92
4561,6.22
4562,7.98
4563,7.52
4564,6.57
4565,7.99
4566,6.57
4567,7.09
4568,7.62
4569,6.8
4570,6.14
4571,7.65
4572,7.2
4573,6.38
4574,5.06
4575,6.98
4576,7.78
4577,6.42
4578,5.58
4579,8.72
4580,6.75
4581,8.19
4582,6.23
4583,6.79
4584,6.83
4585,7.5
4586,6.48
4587,6.45
4588,7.26
4589,8.36
4590,7.32
4591,7.62
4592,7.49
4593,7.84
4594,5.21
4595,7.1
4596,6.7
4597,5.08
4598,8.29
4599,7.64
4600,4.73
4601,3.75
4602,6.9
4603,4.05
4604,8.65
4605,7.9
4606,6.35
4607,7.15
4608,7.38
4609,6.59
4610,8.03
4611,6.78
4612,7.77
4613,6.71
4614,8.74
4615,6.92
4616,6.62
4617,7.3
4618,6.95
4619,6.62
4620,6.24
4621,5.81
4622,7.28
4623,6.79
4624,7.76
4625,7.6
4626,7.38
4627,6.87
4628,7.78
4629,7.83
4630,6.99
4631,5.78
4632,6.7
4633,6.71
4634,7.4
4635,6.44
4636,7.84
4637,5.45
4638,8.47
4639,6.51
4640,6.64
4641,7.6
4642,8.66
4643,8.24
4644,7.36
4645,5.6
4646,7.26
4647,7.78
4648,6.6
4649,7.02
4650,6.15
4651,3.69
4652,7.73
4653,7.08
4654,5.81
4655,6.17
4656,7.65
4657,7.45
4658,6.59
4659,7.95
4660,6.75
4661,7.35
4662,6.61
4663,7.66
4664,7.61
4665,6.22
4666,8.56
4667,7.23
4668,6.01
4669,5.57
4670,7.17
4671,5.92
4672,8.51
4673,5.71
4674,7.41
4675,7.95
4676,7.21
4677,7.54
4678,6.06
4679,6.25
4680,4.47
4681,8.33
4682,8.04
4683,7.51
4684,4.29
4685,6.71
4686,7.35
4687,6.56
4688,6.58
4689,7.66
4690,6.26
4691,6.42
4692,6.94
4693,6.47
4694,2.33
4695,6.13
4696,6.9
4697,7.28
4698,5.34
4699,6.69
4700,6.64
4701,7.02
4702,7.42
4703,7.67
4704,5.6
4705,6.52
4706,7.08
4707,6.27
4708,6.45
4709,8.69
4710,7.07
4711,7.1
4712,7.24
4713,7.42
4714,6.88
4715,5.58
4716,7.05
4717,6.49
4718,6.25
4719,6.5
4720,6.57
4721,8.3
4722,7.5
4723,6.58
4724,6.67
4725,7.2
4726,7.03
4727,6.61
4728,7.27
4729,7.16
4730,6.84
4731,7.38
4732,5.65
4733,5.59
4734,6.97
4735,7.05
4736,8.46
4737,8.44
4738,7.28
4739,5.99
4740,8.74
4741,6.99
4742,6.18
4743,6.36
4744,6.08
4745,6.74
4746,6.71
4747,4.79
4748,7.89
4749,7.13
4750,7.58
4751,6.09
4752,4.83
4753,7.2
4754,6.16
4755,7.05
4756,6.19
4757,6.34
4758,5.2
4759,7.05
4760,7.34
4761,7.19
4762,6.32
4763,7.4
4764,7.35
4765,6.14
4766,7.13
4767,5.96
4768,7.11
4769,7.07
4770,6.26
4771,8.08
4772,6.77
4773,6.5
4774,7.03
4775,7.92
4776,5.4
4777,6.84
4778,6.75
4779,4.85
4780,6.71
4781,6.69
4782,5.75
4783,7.85
4784,5.73
4785,7.15
4786,7.49
4787,7.1
4788,6.81
4789,7.09
4790,5.48
4791,7.44
4792,7.09
4793,4.71
4794,7.27
4795,5.98
4796,7.54
4797,6.81
4798,6.83
4799,6.16
4800,7.18
4801,6.94
4802,7.73
4803,6.96
4804,6.05
4805,6.99
4806,7.58
4807,6.37
4808,6.39
4809,5.75
4810,6.13
4811,7.45
4812,6.68
4813,6.61
4814,7.34
4815,6.42
4816,7.63
4817,7.54
4818,6.61
4819,7.99
4820,6.79
4821,7.56
4822,5.78
4823,6.98
4824,6.4
4825,6.14
4826,7.02
4827,5.88
4828,6.4
4829,7.88
4830,7.76
4831,7.44
4832,6.55
4833,7.77
4834,8.05
4835,7.42
4836,8.09
4837,7.14
4838,7.5
4839,6.06
4840,7.14
4841,7.09
4842,7.74
4843,7.79
4844,6.03
4845,6
4846,7.93
4847,6.44
4848,6.35
4849,6.74
4850,5.59
4851,6.92
4852,5.97
4853,6.73
4854,5.53
4855,6.28
4856,7.63
4857,7.31
4858,7.21
4859,6.84
4860,6.54
4861,6.86
4862,5.96
4863,7.15
4864,8.07
4865,6.55
4866,7.21
4867,8.44
4868,7.71
4869,8.29
4870,7.5
4871,7.25
4872,6.43
4873,5.95
4874,6.26
4875,6.51
4876,8.52
4877,5
4878,5.53
4879,5.59
4880,7.1
4881,6.86
4882,6.93
4883,5.68
4884,7.73
4885,5.42
4886,5.99
4887,7.21
4888,6.95
4889,4.87
4890,6.65
4891,7.53
4892,7.88
4893,7.22
4894,6.79
4895,6.67
4896,6.76
4897,6.91
4898,7.18
4899,7.57
4900,7.62
4901,7.55
4902,5.39
4903,5.93
4904,6.33
4905,6.58
4906,6.88
4907,4.93
4908,8.57
4909,6.62
4910,6.42
4911,6.78
4912,5.38
4913,4.27
4914,6.28
4915,7.6
4916,7.56
4917,7.72
4918,6.47
4919,6.57
4920,6.03
4921,7.11
4922,7.33
4923,5.61
4924,7.43
4925,7.27
4926,7.06
4927,6.65
4928,5.83
4929,7.69
4930,6.74
4931,7.13
4932,5.18
4933,5.46
4934,7.45
4935,5.81
4936,7.59
4937,6.97
4938,6.33
4939,3.77
4940,6.98
4941,6.76
4942,7.35
4943,6.86
4944,6.43
4945,6.41
4946,7.04
4947,6.68
4948,7.74
4949,7.94
4950,7.63
4951,6.58
4952,7.55
4953,7.65
4954,7.38
4955,6.73
4956,5.83
4957,7.83
4958,6.63
4959,6.67
4960,5.48
4961,5.93
4962,7
4963,7.86
4964,8.22
4965,6.9
4966,6.44
4967,7.24
4968,7.82
4969,6.29
4970,6.18
4971,6
4972,5.75
4973,5.38
4974,8.56
4975,7.75
4976,6.87
4977,6.65
4978,7.1
4979,5.92
4980,6.82
4981,7.48
4982,7.47
4983,6.79
4984,7.47
4985,6.76
4986,5.7
4987,6.96
4988,6.83
4989,8.44
4990,6.85
4991,6.45
4992,6.78
4993,7.07
4994,6.17
4995,7.23
4996,6.22
4997,6.85
4998,5.66
4999,6.36
5000,7.6
5001,8.24
5002,6.51
5003,7.47
5004,6.85
5005,7.42
5006,6.24
5007,6.82
5008,6.77
5009,6.78
5010,6.17
5011,7.16
5012,6.57
5013,6.44
5014,7.19
5015,6.34
5016,7.06
5017,7.06
5018,5.86
5019,6.82
5020,6.37
5021,6.99
5022,7.44
5023,7.08
5024,6.64
5025,8.17
5026,6.41
5027,7.39
5028,7.77
5029,7.2
5030,5.92
5031,7.47
5032,6.54
5033,6.47
5034,6.63
5035,6.32
5036,7.62
5037,6.24
5038,7.41
5039,7.33
5040,5.49
5041,7.81
5042,5.5
5043,7.53
5044,6.51
5045,4.27
5046,5.01
5047,7.47
5048,5.83
5049,7.07
5050,7.08
5051,6.62
5052,7.87
5053,6.26
5054,5.95
5055,6.96
5056,7.37
5057,6.6
5058,7.31
5059,7.34
5060,6.9
5061,6.45
5062,7.6
5063,6.93
5064,7.95
5065,6.05
5066,7.22
5067,7.15
5068,6.44
5069,7.65
5070,6.53
5071,6.7
5072,6.62
5073,7.11
5074,7.73
5075,6.4
5076,7.84
5077,7.83
5078,7.35
5079,6.95
5080,6.79
5081,5.73
5082,6.46
5083,6.8
5084,8.07
5085,7.65
5086,6.33
5087,7.11
5088,7.51
5089,7.73
5090,8.37
5091,6.69
5092,6.4
5093,6.57
5094,6.33
5095,5.61
5096,6.5
5097,7.2
5098,7.52
5099,8.06
5100,6.57
5101,6.61
5102,6.83
5103,7.61
5104,5.97
5105,6.45
5106,7.91
5107,7.05
5108,7.16
5109,6.9
5110,8.29
5111,7.96
5112,6.56
5113,7.77
5114,7.44
5115,7.44
5116,7
5117,6.08
5118,7.82
5119,6.43
5120,5.28
5121,7.44
5122,5.53
5123,7.75
5124,6.84
5125,5.92
5126,8.14
5127,7.65
5128,6.79
5129,7.08
5130,6.33
5131,6.75
5132,6.7
5133,5.38
5134,6.16
5135,8.43
5136,5.41
5137,7.56
5138,6.76
5139,6.4
5140,5.9
5141,7.72
5142,7.08
5143,5.96
5144,5.16
5145,7.55
5146,6.94
5147,6.3
5148,7.51
5149,6.36
5150,5.56
5151,6.23
5152,6.39
5153,7.36
5154,5.47
5155,6.68
5156,6.78
5157,5.31
5158,8.07
5159,6.74
5160,7.4
5161,7.11
5162,7.42
5163,6.27
5164,7.05
5165,5.86
5166,8.33
5167,6.8
5168,6.39
5169,6.89
5170,6.35
5171,7.61
5172,6.62
5173,6.13
5174,8.11
5175,7.65
5176,6.69
5177,5.79
5178,6.76
5179,7.8
5180,6.94
5181,7.18
5182,7.44
5183,7.4
5184,6.5
5185,8.41
5186,6.27
5187,7.59
5188,7.52
5189,7.65
5190,6.62
5191,6.98
5192,7.33
5193,7.13
5194,6.71
5195,6.54
5196,7.67
5197,6.28
5198,6
5199,8.43
5200,5.27
5201,7.34
5202,5.83
5203,7.18
5204,6.2
5205,5.89
5206,6.96
5207,6.14
5208,7.27
5209,7.28
5210,7.57
5211,6.57
5212,6.83
5213,5.72
5214,8.41
5215,7.57
5216,5.55
5217,9.02
5218,6.96
5219,7.2
5220,5.35
5221,7.86
5222,5.93
5223,7.47
5224,7.24
5225,5.29
5226,6.73
5227,8.14
5228,7.55
5229,6.93
5230,7.93
5231,6.65
5232,6.77
5233,7.16
5234,5.76
5235,8.74
5236,6.82
5237,7.69
5238,6.74
5239,6.83
5240,6.89
5241,8.03
5242,6.5
5243,7.34
5244,6.8
5245,7.63
5246,5.97
5247,6.68
5248,6.69
5249,5.92
5250,7.86
5251,7.6
5252,6.54
5253,6.93
5254,7.67
5255,6.28
5256,7.36
5257,6.13
5258,8.4
5259,7.39
5260,5.33
5261,4.56
5262,7.41
5263,7.05
5264,7.12
5265,6.99
5266,7.76
5267,8.22
5268,7.25
5269,7.16
5270,6.63
5271,7.54
5272,7.46
5273,7.33
5274,7.09
5275,7.19
5276,6.5
5277,7.94
5278,7.08
5279,6.6
5280,6.69
5281,7.43
5282,7.85
5283,7.21
5284,6.3
5285,7.31
5286,7.27
5287,7.34
5288,4.26
5289,7.19
5290,7.74
5291,6.4
5292,6.87
5293,7.31
5294,6.14
5295,6.19
5296,5.63
5297,6.81
5298,5.41
5299,6.42
5300,6.47
5301,7.38
5302,7.77
5303,8.35
5304,7.4
5305,6.88
5306,8.13
5307,7.33
5308,7.41
5309,8.08
5310,7.06
5311,6.03
5312,6.72
5313,5.37
5314,6.04
5315,8.05
5316,6.58
5317,7.62
5318,7.19
5319,6.19
5320,6.83
5321,7.07
5322,6.87
5323,6.19
5324,7.59
5325,6.66
5326,7.41
5327,7.79
5328,7.05
5329,6.19
5330,6.1
5331,6.9
5332,7.23
5333,4.8
5334,6.74
5335,5.72
5336,8.33
5337,7.52
5338,6.92
5339,6.39
5340,6.74
5341,7.23
5342,7.17
5343,6.31
5344,7.45
5345,6.67
5346,7.25
5347,4.5
5348,7.11
5349,8.29
5350,5.53
5351,5.14
5352,7.18
5353,6.96
5354,6.79
5355,6.41
5356,6.23
5357,7.85
5358,6.63
5359,5.95
5360,4.19
5361,6.32
5362,6.69
5363,7.82
5364,8.33
5365,7.86
5366,6.74
5367,6.65
5368,6.55
5369,6.71
5370,5.48
5371,6.94
5372,8.11
5373,7.49
5374,5.88
5375,6.41
5376,7.83
5377,7.8
5378,7.7
5379,5.81
5380,6.62
5381,7.26
5382,7.22
5383,7.3
5384,6.87
5385,7.35
5386,7.28
5387,6.66
5388,5.91
5389,6.02
5390,6.18
5391,6.67
5392,7.73
5393,6.68
5394,6.3
5395,5.46
5396,7.19
5397,6.17
5398,6.06
5399,6.71
5400,7.13
5401,6.31
5402,7.55
5403,7.81
5404,7.74
5405,5.74
5406,5.57
5407,7.56
5408,7.48
5409,6.77
5410,6.52
5411,6.84
5412,7.1
5413,7.71
5414,6.79
5415,6.89
5416,6.3
5417,7.96
5418,5.55
5419,7.26
5420,6.98
5421,6.83
5422,4.31
5423,6.98
5424,6.26
5425,5.61
5426,6
5427,7.5
5428,7.38
5429,6.51
5430,6.88
5431,7.34
5432,7.17
5433,6.86
5434,7.17
5435,6.2
5436,6.34
5437,8.59
5438,6.38
5439,6.42
5440,4.56
5441,6.46
5442,7.9
5443,7.07
5444,8.27
5445,6
5446,8.34
5447,6.62
5448,7.29
5449,6.54
5450,6.67
5451,7.55
5452,7.63
5453,7.95
5454,8.12
5455,7.52
5456,6.22
5457,7.45
5458,6.96
5459,6.9
5460,7.15
5461,6.49
5462,6.18
5463,6.76
5464,7.33
5465,5.83
5466,8.75
5467,6.53
5468,7.59
5469,6.71
5470,6.13
5471,7.32
5472,6.22
5473,7.24
5474,8.17
5475,6.74
5476,6.71
5477,7.85
5478,8.3
5479,7.25
5480,7.04
5481,6.48
5482,6.48
5483,7.12
5484,7.29
5485,7.18
5486,6.22
5487,5.8
5488,7.14
5489,6.45
5490,6.41
5491,7.86
5492,5.98
5493,6.51
5494,7.19
5495,6.33
5496,5.02
5497,7.38
5498,7
5499,6.83
5500,6.71
5501,6.65
5502,7.73
5503,7.97
5504,4.14
5505,7.39
5506,5.05
5507,8.21
5508,8.09
5509,5.7
5510,6.17
5511,4.93
5512,6.61
5513,6.03
5514,6.53
5515,6.9
5516,5.49
5517,6.44
5518,7.35
5519,4.76
5520,6.72
5521,8.06
5522,7.05
5523,7.4
5524,6.23
5525,8.22
5526,5.83
5527,7.24
5528,7.25
5529,7.36
5530,7.42
5531,7.39
5532,7.55
5533,6.78
5534,5.62
5535,5.86
5536,7.51
5537,6.06
5538,5.52
5539,7.44
5540,7.54
5541,7.77
5542,6.98
5543,6.19
5544,7.21
5545,7.29
5546,6.67
5547,5.49
5548,7.77
5549,7.25
5550,6.94
5551,7.62
5552,8.05
5553,6.46
5554,8.01
5555,6.59
5556,5.98
5557,5.8
5558,6.34
5559,8.35
5560,6.81
5561,6.65
5562,8.04
5563,6.78
5564,6.17
5565,5.07
5566,7.58
5567,6.45
5568,5
5569,7.22
5570,5.96
5571,7.81
5572,6.65
5573,7.75
5574,7.6
5575,6.23
5576,5.66
5577,8.88
5578,6.14
5579,7.4
5580,7.76
5581,6.67
5582,7.44
5583,7.53
5584,5.87
5585,8.12
5586,7.91
5587,7.24
5588,8.06
5589,7.27
5590,6.49
5591,3.46
5592,7.89
5593,6.83
5594,6.77
5595,5.68
5596,7.1
5597,7.52
5598,6.78
5599,7.47
5600,6.06
5601,7.2
5602,6.56
5603,7.4
5604,6.89
5605,7.18
5606,6.69
5607,6.76
5608,7.08
5609,8.2
5610,5.9
5611,6.85
5612,6.38
5613,5.14
5614,7.4
5615,6.79
5616,7.02
5617,7.85
5618,7.83
5619,6.3
5620,6.92
5621,7.91
5622,6.51
5623,6.37
5624,6.44
5625,7.32
5626,7.4
5627,6.88
5628,5.72
5629,7.36
5630,8.12
5631,6.1
5632,7.21
5633,6.63
5634,7.44
5635,6.31
5636,7.91
5637,5.89
5638,7.53
5639,6.62
5640,7.11
5641,6.62
5642,6.51
5643,5.64
5644,7.2
5645,7.19
5646,6.99
5647,7.03
5648,6.66
5649,7.78
5650,7.63
5651,6.52
5652,5.88
5653,6.4
5654,5.61
5655,7.91
5656,6.6
5657,6.94
5658,7.42
5659,4.4
5660,7.94
5661,7.79
5662,6.59
5663,6.31
5664,7.58
5665,7.1
5666,7.38
5667,6.99
5668,7.47
5669,7.52
5670,5.75
5671,5.85
5672,7.23
5673,6.17
5674,7.03
5675,6.94
5676,7.02
5677,6.52
5678,7.52
5679,7.16
5680,5.86
5681,5.99
5682,8.2
5683,7.78
5684,6.71
5685,6.04
5686,7.95
5687,6.45
5688,5.29
5689,7.38
5690,7.21
5691,3.69
5692,6.91
5693,7.75
5694,6.96
5695,6.45
5696,7.93
5697,7.25
5698,8.15
5699,6.54
5700,7.01
5701,6.37
5702,6.74
5703,6.69
5704,6.57
5705,4.05
5706,7.06
5707,7.57
5708,8.44
5709,6.96
5710,7.33
5711,7.75
5712,7.12
5713,6.74
5714,7.24
5715,6.72
5716,6.85
5717,6.53
5718,7.16
5719,7.27
5720,6.63
5721,5.93
5722,7.71
5723,5.42
5724,6.77
5725,6.46
5726,6.45
5727,7.16
5728,8.63
5729,6.67
5730,7.56
5731,7.64
5732,6.72
5733,5.85
5734,6.65
5735,6.95
5736,5.35
5737,7.66
5738,6.4
5739,7.08
5740,7.83
5741,5.83
5742,5.85
5743,7.41
5744,7.36
5745,7.75
5746,6.56
5747,7.9
5748,6.19
5749,7.78
5750,6.82
5751,7.35
5752,7.22
5753,7.28
5754,7.79
5755,8.16
5756,7.19
5757,6.93
5758,7.48
5759,7.36
5760,7.94
5761,6.11
5762,5.56
5763,6.58
5764,6.39
5765,7.37
5766,8.34
5767,5.46
5768,5.83
5769,7.66
5770,8.01
5771,7.54
5772,7.06
5773,8.19
5774,6.51
5775,8.06
5776,7.59
5777,6.73
5778,6.14
5779,7.2
5780,7.86
5781,6.79
5782,7.13
5783,6.43
5784,5.26
5785,7.31
5786,6.46
5787,4.78
5788,4.02
5789,7.22
5790,4.83
5791,6.99
5792,6.94
5793,6.86
5794,4.88
5795,5.72
5796,6.5
5797,6.94
5798,6.87
5799,7.73
5800,5.69
5801,6.39
5802,6.95
5803,7.75
5804,6.43
5805,6.58
5806,6.22
5807,8.29
5808,6.87
5809,5.17
5810,6.37
5811,6.49
5812,6.1
5813,7.88
5814,7.02
5815,7.22
5816,7.82
5817,4.9
5818,7.92
5819,6.58
5820,5.81
5821,5.97
5822,5.96
5823,6.75
5824,8.05
5825,8.16
5826,6.82
5827,7.15
5828,8.47
5829,6.55
5830,7.94
5831,7.35
5832,7.38
5833,7.96
5834,5.54
5835,6.31
5836,6.7
5837,8.35
5838,7.72
5839,6.63
5840,6.06
5841,6.33
5842,6.89
5843,8.26
5844,6.83
5845,6.58
5846,7.41
5847,6.83
5848,6.42
5849,6.52
5850,8.26
5851,7.08
5852,4.4
5853,7.51
5854,6.27
5855,6.35
5856,7.2
5857,6.91
5858,7.05
5859,6.03
5860,7.35
5861,5.17
5862,6.22
5863,6.6
5864,6.94
5865,7.44
5866,6.75
5867,6.53
5868,7.68
5869,6.7
5870,7.54
5871,7.62
5872,7.76
5873,7.86
5874,6.41
5875,6.51
5876,7.1
5877,7.29
5878,7.94
5879,5.91
5880,6.95
5881,6.86
5882,7.43
5883,5.64
5884,7.77
5885,7.81
5886,4.47
5887,6.68
5888,5.98
5889,7.28
5890,7.38
5891,8.59
5892,7.32
5893,7.16
5894,8.25
5895,6.98
5896,6.93
5897,6.52
5898,7.5
5899,4.27
5900,6.59
5901,8.01
5902,7.31
5903,7.87
5904,7.51
5905,7.4
5906,6.58
5907,7.41
5908,6.93
5909,7.53
5910,8
5911,7.42
5912,6.7
5913,6.51
5914,7.1
5915,6.89
5916,6.32
5917,7.44
5918,6.97
5919,7.43
5920,8.04
5921,7.33
5922,7.91
5923,7.13
5924,7.28
5925,6.74
5926,7.44
5927,6.31
5928,5.4
5929,6.52
5930,6.25
5931,8.16
5932,6.45
5933,6.17
5934,5.09
5935,7.18
5936,6.91
5937,7.19
5938,6.92
5939,6.44
5940,7.63
5941,7.56
5942,6.97
5943,6.39
5944,6.27
5945,6.71
5946,6.62
5947,6.15
5948,7.64
5949,5.76
5950,6.77
5951,7.17
5952,7.15
5953,6.87
5954,7.45
5955,7.13
5956,3.35
5957,7.46
5958,7.05
5959,6.69
5960,6.06
5961,6.87
5962,7.46
5963,7.81
5964,7.54
5965,7.36
5966,5.53
5967,6.47
5968,6.36
5969,7.3
5970,6.68
5971,5.5
5972,7.23
5973,7.44
5974,7.05
5975,6.93
5976,7.63
5977,3.54
5978,7.24
5979,7.43
5980,7.03
5981,6.41
5982,7.14
5983,7.01
5984,5.64
5985,6.15
5986,2.71
5987,5.23
5988,6.43
5989,6.06
5990,7.02
5991,7.53
5992,6.57
5993,7.11
5994,6.71
5995,5.31
5996,7.08
5997,7.24
5998,8.17
5999,7.69
6000,8.04
6001,7.26
6002,7.7
6003,6.72
6004,6.62
6005,7.69
6006,5.71
6007,5.84
6008,7.31
6009,7.78
6010,7.09
6011,7.77
6012,6.52
6013,6.88
6014,7.21
6015,6.69
6016,7.54
6017,6.97
6018,7.85
6019,7.57
6020,6.96
6021,5.45
6022,7.47
6023,7.39
6024,6.97
6025,6.87
6026,6.47
6027,6
6028,7.4
6029,6.32
6030,7.44
6031,6.5
6032,5.5
6033,6.17
6034,7.75
6035,7.27
6036,7.98
6037,7.17
6038,7.08
6039,7.75
6040,7.29
6041,7.41
6042,7.21
6043,7.75
6044,7.15
6045,7.07
6046,7.68
6047,7.91
6048,6.81
6049,7.32
6050,7.54
6051,5.79
6052,5.86
6053,5.92
6054,4.81
6055,6.67
6056,6.95
6057,7.82
6058,7.04
6059,6.97
6060,7.01
6061,6.07
6062,7.25
6063,6.42
6064,7.97
6065,4.81
6066,6.52
6067,7.43
6068,5.17
6069,7.89
6070,7.35
6071,5.88
6072,7.39
6073,7.05
6074,7.99
6075,6.71
6076,7.49
6077,6.1
6078,7.26
6079,3.87
6080,5.63
6081,5.58
6082,6.81
6083,4.17
6084,8.04
6085,5.63
6086,6.25
6087,7.46
6088,7.32
6089,6.86
6090,5.64
6091,7.63
6092,6.95
6093,7.32
6094,5.79
6095,6.65
6096,6.67
6097,6.03
6098,9.11
6099,8.47
6100,5
6101,5.86
6102,6.91
6103,7.4
6104,6.3
6105,6.65
6106,5.92
6107,7.61
6108,7.28
6109,7.82
6110,6.91
6111,5.96
6112,6.78
6113,6.29
6114,5.4
6115,8.55
6116,6.32
6117,7.39
6118,6.77
6119,7.25
6120,8.15
6121,6.63
6122,8.2
6123,5.41
6124,6.08
6125,8.77
6126,7.33
6127,6.88
6128,5.31
6129,6.48
6130,7.24
6131,3.44
6132,5.33
6133,8.11
6134,6.21
6135,7.55
6136,6.83
6137,4.25
6138,7
6139,4.5
6140,6.57
6141,7.49
6142,7.31
6143,6.98
6144,7.88
6145,8.4
6146,7.56
6147,6.57
6148,7.91
6149,6.53
6150,7.02
6151,7.09
6152,6.2
6153,7.13
6154,7.17
6155,6.32
6156,6.39
6157,6.78
6158,7.77
6159,6.18
6160,7.46
6161,8.12
6162,7.89
6163,8.8
6164,7.03
6165,7.18
6166,6.98
6167,6.48
6168,7.64
6169,6.55
6170,6.03
6171,5.18
6172,5.78
6173,5.69
6174,7.66
6175,7
6176,4.51
6177,6.94
6178,5.71
6179,6.39
6180,4.71
6181,4.45
6182,5.99
6183,5.73
6184,6.32
6185,7.08
6186,7.59
6187,5.8
6188,6.37
6189,7.73
6190,7.44
6191,7.89
6192,6.44
6193,7
6194,7.57
6195,7.17
6196,6.01
6197,5.1
6198,6.6
6199,6.9
6200,7.45
6201,7.95
6202,8.32
6203,8.62
6204,7.82
6205,6.38
6206,7.54
6207,7.24
6208,7.14
6209,7.24
6210,7.73
6211,7.1
6212,7.25
6213,6.51
6214,8.27
6215,6.45
6216,6.33
6217,6.61
6218,6.41
6219,7.46
6220,6.9
6221,6.17
6222,6.56
6223,8.19
6224,7.72
6225,7.91
6226,6.65
6227,7.26
6228,7.05
6229,6.6
6230,6.92
6231,7.35
6232,6.63
6233,7.21
6234,7.33
6235,6.41
6236,7.74
6237,6.1
6238,6.32
6239,5.2
6240,6.07
6241,7.14
6242,6.75
6243,5.59
6244,5.88
6245,7.61
6246,5.59
6247,7.23
6248,7.19
6249,6.76
6250,6.78
6251,6.46
6252,7.94
6253,5.67
6254,6.53
6255,8.19
6256,7.72
6257,7.3
6258,7.4
6259,6.63
6260,7.46
6261,5.92
6262,6.41
6263,6.81
6264,5.7
6265,5.83
6266,7.56
6267,6.03
6268,6.51
6269,8.05
6270,6.73
6271,6.52
6272,4.86
6273,7.54
6274,6.43
6275,7.53
6276,8.15
6277,7.02
6278,6.76
6279,7.31
6280,7.28
6281,7.85
6282,7.12
6283,4.5
6284,8.13
6285,6.77
6286,7.4
6287,7.64
6288,7.22
6289,7.07
6290,7.93
6291,4.86
6292,7.79
6293,7.43
6294,6.23
6295,7.17
6296,8.16
6297,7.23
6298,7.34
6299,6.1
6300,7.61
6301,6.06
6302,6.72
6303,7.29
6304,8.04
6305,7.03
6306,7.54
6307,7.13
6308,7.3
6309,3.79
6310,5.84
6311,6.73
6312,6.18
6313,7.99
6314,7.54
6315,5.76
6316,6.42
6317,7.12
6318,5.35
6319,6.48
6320,6.53
6321,7.22
6322,7.27
6323,5.51
6324,7.96
6325,6.69
6326,6.98
6327,6.45
6328,5.99
6329,9.04
6330,7.5
6331,8.58
6332,7.99
6333,6.44
6334,6.02
6335,6.66
6336,6.63
6337,7.35
6338,8.54
6339,8.73
6340,7.11
6341,6.08
6342,6.67
6343,6.44
6344,7.48
6345,7.56
6346,6.81
6347,6.63
6348,7.42
6349,7.96
6350,6.74
6351,6.97
6352,7.73
6353,6.83
6354,4.77
6355,6.6
6356,6.24
6357,6.71
6358,7.19
6359,4.75
6360,6.84
6361,6.62
6362,6.5
6363,7.33
6364,6.84
6365,6.84
6366,6.19
6367,6.27
6368,8.38
6369,6.79
6370,6.64
6371,5.7
6372,6.94
6373,5.49
6374,7.91
6375,7.27
6376,6.78
6377,7.52
6378,6.08
6379,6.57
6380,7.28
6381,6.83
6382,7.91
6383,6.29
6384,7.83
6385,6.6
6386,6.66
6387,6.99
6388,5.53
6389,6.62
6390,4.75
6391,7
6392,8.21
6393,7.46
6394,8.16
6395,6.2
6396,6.55
6397,8.14
6398,6.66
6399,6.74
6400,6.75
6401,6.81
6402,6.69
6403,6.74
6404,7.23
6405,7.14
6406,8.11
6407,6.62
6408,6.99
6409,6.58
6410,8.42
6411,5
6412,7.26
6413,7.43
6414,6.23
6415,7.01
6416,6.83
6417,7.46
6418,7.37
6419,7.1
6420,7.77
6421,4.28
6422,6.72
6423,5.59
6424,7.21
6425,7.69
6426,7.77
6427,6.9
6428,7.77
6429,7.66
6430,6.7
6431,6.88
6432,8.06
6433,7.13
6434,7.45
6435,6.01
6436,7.11
6437,7.84
6438,7.41
6439,7.16
6440,6.75
6441,5.73
6442,6.68
6443,5.01
6444,7.83
6445,6.44
6446,6.25
6447,6.31
6448,7.44
6449,7.87
6450,7.12
6451,6.38
6452,7.59
6453,5.25
6454,7
6455,8.1
6456,5.58
6457,7.74
6458,7.14
6459,8.03
6460,6.97
6461,6.52
6462,8.55
6463,6.39
6464,7.63
6465,7.61
6466,6.9
6467,8.74
6468,6.72
6469,5.67
6470,6.66
6471,7.66
6472,5.45
6473,6.4
6474,6.84
6475,7.28
6476,6.83
6477,7.75
6478,7.76
6479,8.05
6480,7.44
6481,6.59
6482,6.31
6483,7.57
6484,7.02
6485,5.82
6486,6.15
6487,6.62
6488,5.73
6489,6.01
6490,7.18
6491,7.79
6492,7.58
6493,7.45
6494,4.31
6495,6.65
6496,3.77
6497,7.29
6498,8.14
6499,7.32
6500,6.59
6501,5.33
6502,5.92
6503,8.37
6504,6.54
6505,7.06
6506,6.11
6507,6.42
6508,7.23
6509,7.15
6510,6.94
6511,7.66
6512,7.97
6513,8.06
6514,8.16
6515,7.11
6516,6.28
6517,6.17
6518,6.49
6519,5.08
6520,6.16
6521,8.31
6522,7.26
6523,5.78
6524,5.69
6525,7.77
6526,6.43
6527,5.6
6528,6.9
6529,6.55
6530,6.71
6531,7.51
6532,6.77
6533,7.79
6534,7.38
6535,6.61
6536,5.36
6537,6.3
6538,6.83
6539,6.31
6540,6.5
6541,6.78
6542,6
6543,5.83
6544,5.08
6545,6.71
6546,7.89
6547,8.18
6548,6.5
6549,7.8
6550,6.41
6551,6.45
6552,7.07
6553,5
6554,7.55
6555,6.67
6556,8.74
6557,8.06
6558,7.53
6559,7.8
6560,7.93
6561,6.09
6562,6.83
6563,7
6564,6.81
6565,6.14
6566,6.2
6567,7.99
6568,7.57
6569,6.51
6570,7.61
6571,4.65
6572,6.31
6573,6.44
6574,7.11
6575,4.86
6576,5.82
6577,8.79
6578,6.86
6579,6.74
6580,8.09
6581,7.57
6582,7.43
6583,7.19
6584,6.34
6585,5.7
6586,7.69
6587,6.21
6588,6.74
6589,6.9
6590,7.23
6591,7.79
6592,6.94
6593,6.73
6594,6.83
6595,6.59
6596,7.64
6597,6.96
6598,6.49
6599,6.87
6600,6.52
6601,6.54
6602,6.39
6603,6.94
6604,5.63
6605,7.61
6606,6.5
6607,5.93
6608,6.81
6609,7.6
6610,6.48
6611,8.54
6612,7.18
6613,6.54
6614,6.45
6615,7.4
6616,6.11
6617,7.02
6618,7.14
6619,7.11
6620,5.36
6621,5.71
6622,4.28
6623,2.86
6624,5.25
6625,4.5
6626,4.11
6627,5.7
6628,5.67
6629,6.57
6630,5.49
6631,4
6632,4.56
6633,4.47
6634,1
6635,5.71
6636,4
6637,6.5
6638,0
6639,6.57
6640,4.91
6641,0
6642,4.17
6643,6.37
6644,4.8
6645,0
6646,5.14
6647,5.5
6648,6.75
6649,0
6650,6.61
6651,7.5
6652,6
6653,4.69
6654,6.04
6655,5.87
6656,4
6657,7.8
6658,0
6659,7.53
6660,9.52
6661,0
6662,4.2
6663,4.57
6664,7