id,anime_id
1,11013
2,2104
3,5262
4,721
5,12365
6,6586
7,178
8,2787
9,4477
10,853
11,4814
12,7054
13,11123
14,14227
15,269
16,59
17,6045
18,1735
19,210
20,4224
21,10030
22,74
23,4722
24,14397
25,1557
26,10800
27,3731
28,9513
29,5835
30,9863
31,7817
32,966
33,120
34,957
35,21
36,1974
37,857
38,1914
39,249
40,6645
41,5690
42,1571
43,11759
44,7674
45,1698
46,14713
47,232
48,233
49,9656
50,9926
51,2564
52,3092
53,1579
54,32370
55,34152
56,153
57,27417
58,33398
59,1051
60,12447
61,1381
62,8022
63,32666
64,33775
65,14353
66,5235
67,26443
68,16251
69,36847
70,32561
71,24275
72,1811
73,9721
74,812
75,7791
76,747
77,11009
78,8726
79,15813
80,33462
81,1586
82,20057
83,30347
84,18893
85,35334
86,36755
87,2199
88,34561
89,238
90,27989
91,36838
92,1200
93,24031
94,3975
95,10935
96,22273
97,11769
98,10250
99,15771
100,8986
101,3675
102,33337
103,34350
104,36982
105,534
106,32032
107,30694
108,14355
109,11827
110,35240
111,10197
112,15279
113,1587
114,10588
115,6922
116,15211
117,6702
118,34975
119,19841
120,24641
121,24021
122,5199
123,22225
124,33274
125,146
126,21267
127,221
128,1483
129,32518
130,1640
131,35314
132,7082
133,35952
134,10521
135,3335
136,594
137,2520
138,4130
139,27727
140,2617
141,33094
142,209
143,33358
144,30721
145,28369
146,9509
147,3844
148,31699
149,7593
150,7411
151,30450
152,35139
153,1388
154,22
155,1016
156,2051
157,7155
158,34943
159,34430
160,31972
161,26349
162,2762
163,32792
164,15809
165,3627
166,33126
167,2205
168,17535
169,1151
170,2025
171,15125
172,7193
173,13585
174,1969
175,3813
176,8518
177,808
178,6890
179,35507
180,37150
181,4250
182,9074
183,1379
184,15819
185,25441
186,2476
187,19871
188,18
189,5060
190,5322
191,546
192,33915
193,10244
194,34644
195,6653
196,2618
197,35982
198,1921
199,31599
200,9754
201,29830
202,459
203,790
204,31486
205,4918
206,33095
207,1149
208,3747
209,10218
210,14837
211,5041
212,6707
213,37320
214,236
215,34438
216,1488
217,34818
218,9515
219,24873
220,5984
221,7435
222,12191
223,33018
224,11061
225,23623
226,4537
227,32983
228,32122
229,33028
230,64
231,5682
232,382
233,13373
234,821
235,7176
236,1726
237,8277
238,21681
239,36793
240,28211
241,254
242,8062
243,37104
244,865
245,19363
246,35249
247,799
248,560
249,30952
250,1124
251,2171
252,6337
253,34498
254,1837
255,8769
256,4124
257,1562
258,880
259,35889
260,1469
261,2155
262,3429
263,7639
264,22831
265,19391
266,4554
267,31747
268,5162
269,3737
270,2281
271,19255
272,36520
273,2264
274,8241
275,1925
276,10384
277,14995
278,5163
279,23837
280,32380
281,9806
282,12695
283,1744
284,33051
285,30144
286,835
287,831
288,1609
289,1910
290,6172
291,11569
292,20125
293,2463
294,1450
295,13807
296,9999
297,34037
298,13165
299,1122
300,2224
301,26023
302,3464
303,8132
304,33183
305,4050
306,798
307,11793
308,16035
309,26085
310,37115
311,15611
312,780
313,25567
314,12445
315,35473
316,35370
317,28913
318,242
319,1454
320,10905
321,23831
322,1686
323,33743
324,9834
325,33769
326,34323
327,36519
328,3016
329,6336
330,11465
331,33820
332,19383
333,33985
334,139
335,16009
336,12471
337,3448
338,956
339,1366
340,4536
341,34595
342,7655
343,877
344,32083
345,370
346,1429
347,35478
348,32625
349,399
350,1774
351,3889
352,1161
353,10923
354,28237
355,2559
356,2722
357,33255
358,21395
359,32275
360,28927
361,17249
362,6954
363,5909
364,34612
365,1565
366,8407
367,36825
368,2164
369,646
370,1216
371,3091
372,1846
373,11763
374,1026
375,801
376,33914
377,6112
378,33286
379,29829
380,25963
381,2985
382,5678
383,4061
384,34392
385,17211
386,13261
387,25265
388,6582
389,510
390,6149
391,16894
392,709
393,2488
394,219
395,16890
396,193
397,34939
398,33310
399,2004
400,33687
401,4879
402,13937
403,35417
404,1085
405,35330
406,10278
407,37031
408,35589
409,282
410,1644
411,3738
412,19569
413,12059
414,31617
415,2616
416,31797
417,34799
418,7782
419,8917
420,1622
421,32189
422,33086
423,28669
424,166
425,35118
426,20031
427,295
428,2146
429,2334
430,24793
431,23725
432,12879
433,16201
434,30411
435,28891
436,28247
437,37277
438,35002
439,35677
440,10302
441,836
442,3457
443,10532
444,9857
445,12979
446,18677
447,34785
448,5233
449,1769
450,24921
451,1012
452,5023
453,50
454,3251
455,17
456,22417
457,32557
458,35078
459,1416
460,9981
461,1691
462,36309
463,523
464,30851
465,6641
466,37140
467,1942
468,125
469,31426
470,4196
471,9810
472,34198
473,18743
474,1913
475,1142
476,16738
477,8799
478,1884
479,31338
480,23755
481,24
482,813
483,3031
484,6802
485,3906
486,36636
487,23985
488,8302
489,24833
490,10719
491,11795
492,7265
493,33566
494,5153
495,33164
496,21437
497,30191
498,1028
499,14817
500,9260
501,7152
502,770
503,1222
504,8934
505,14989
506,19961
507,27525
508,33480
509,2075
510,6312
511,21473
512,1088
513,36611
514,90
515,9014
516,20555
517,25687
518,1404
519,998
520,27821
521,34129
522,7062
523,33378
524,2245
525,6392
526,36542
527,14289
528,936
529,1370
530,32281
531,3044
532,30921
533,32568
534,30355
535,20423
536,602
537,539
538,18295
539,28119
540,10838
541,2038
542,15649
543,31
544,1364
545,7551
546,2704
547,2928
548,2253
549,6795
550,2037
551,21195
552,5918
553,36565
554,2129
555,5643
556,32982
557,15411
558,5941
559,6418
560,3059
561,12067
562,36566
563,8664
564,293
565,9493
566,757
567,7311
568,1731
569,1333
570,1681
571,20969
572,144
573,23987
574,10491
575,576
576,6758
577,4437
578,512
579,130
580,1462
581,12231
582,2595
583,21899
584,12875
585,32665
586,28735
587,16
588,302
589,23835
590,689
591,28833
592,5002
593,333
594,21639
595,574
596,33170
597,33487
598,15961
599,14653
600,1669
601,8958
602,36655
603,1650
604,13267
605,509
606,15583
607,751
608,1883
609,1033
610,4535
611,1371
612,33454
613,527
614,18465
615,6347
616,32648
617,1933
618,180
619,379
620,34238
621,36497
622,17867
623,46
624,32936
625,24821
626,7904
627,34102
628,17635
629,25969
630,3073
631,22319
632,1194
633,10807
634,36475
635,1096
636,11371
637,25875
638,1601
639,4657
640,28977
641,21031
642,708
643,825
644,1034
645,1549
646,9723
647,2125
648,34881
649,6463
650,33729
651,91
652,34005
653,36094
654,1891
655,27887
656,8490
657,32454
658,4874
659,2619
660,35044
661,13057
662,7211
663,241
664,34234
665,32071
666,8195
667,34481
668,416
669,35180
670,19365
671,1132
672,2267
673,11533
674,987
675,15605
676,31741
677,1569
678,732
679,2246
680,31683
681,997
682,18139
683,2621
684,9362
685,519
686,2571
687,37032
688,28221
689,30342
690,16405
691,30030
692,33541
693,21743
694,339
695,8181
696,31631
697,10562
698,7761
699,18679
700,30892
701,1457
702,37341
703,779
704,6987
705,177
706,30454
707,35839
708,23581
709,21179
710,25541
711,275
712,3784
713,3665
714,2307
715,16419
716,34126
717,2165
718,3918
719,4534
720,2138
721,2059
722,280
723,1699
724,32365
725,11103
726,16067
727,760
728,28625
729,317
730,32271
731,36771
732,8995
733,32951
734,33484
735,19067
736,32999
737,303
738,744
739,958
740,5419
741,23213
742,34051
743,34537
744,8894
745,8560
746,4085
747,16021
748,30300
749,18153
750,16656
751,33981
752,2200
753,1276
754,34618
755,4729
756,1719
757,2227
758,1481
759,23775
760,17549
761,3010
762,8635
763,33027
764,8955
765,4550
766,8206
767,32961
768,8410
769,34984
770,34013
771,16742
772,30625
773,12437
774,19697
775,2036
776,3661
777,5841
778,5369
779,4101
780,103
781,35472
782,24211
783,94
784,31143
785,385
786,1777
787,32670
788,24913
789,31377
790,31178
791,6783
792,248
793,35857
794,5762
795,1961
796,3974
797,9624
798,11441
799,29846
800,35206
801,2288
802,11735
803,32214
804,3642
805,9136
806,17080
807,7044
808,24713
809,34151
810,2518
811,3011
812,31592
813,33529
814,27829
815,31378
816,9884
817,33113
818,1243
819,34741
820,2929
821,16664
822,2851
823,28779
824,31402
825,33835
826,6726
827,6205
828,935
829,3762
830,531
831,1926
832,25689
833,25939
834,17681
835,36784
836,1770
837,944
838,14813
839,441
840,18919
841,3015
842,34855
843,21421
844,1368
845,623
846,5947
847,12069
848,31404
849,538
850,7785
851,10790
852,4522
853,325
854,8539
855,35363
856,1807
857,36245
858,33922
859,9203
860,7222
861,1135
862,33779
863,23301
864,6512
865,5554
866,31763
867,15781
868,19401
869,1177
870,1408
871,1005
872,2688
873,2289
874,3407
875,11785
876,1098
877,32087
878,9907
879,10506
880,5504
881,2999
882,36049
883,4264
884,3745
885,10465
886,9600
887,34008
888,332
889,8626
890,2882
891,6574
892,16303
893,19945
894,5940
895,22239
896,3932
897,932
898,10378
899,37244
900,5080
901,33589
902,35964
903,5583
904,7588
905,31780
906,1337
907,33605
908,261
909,4664
910,27741
911,23699
912,930
913,17391
914,10196
915,10728
916,25099
917,22865
918,15979
919,616
920,752
921,27683
922,35382
923,5784
924,1919
925,10260
926,4017
927,31139
928,145
929,8800
930,2107
931,34893
932,28817
933,37710
934,32366
935,673
936,13411
937,3713
938,1826
939,22585
940,20853
941,1723
942,4451
943,4936
944,33478
945,2404
946,208
947,25365
948,22503
949,11235
950,36545
951,18097
952,152
953,14231
954,17371
955,17113
956,30382
957,12699
958,31181
959,24459
960,3808
961,1289
962,21201
963,10765
964,82
965,10568
966,2515
967,2696
968,2698
969,33803
970,34979
971,7583
972,8546
973,498
974,6181
975,8357
976,11341
977,33209
978,30103
979,17821
980,6199
981,2757
982,13271
983,20385
984,18639
985,8098
986,34312
987,27633
988,31640
989,17469
990,21419
991,18121
992,1874
993,5525
994,16381
995,1937
996,2363
997,34870
998,2782
999,54
1000,32039
1001,32353
1002,8491
1003,1014
1004,6075
1005,6344
1006,33104
1007,13643
1008,10217
1009,424
1010,10845
1011,6896
1012,32888
1013,31838
1014,164
1015,605
1016,855
1017,18231
1018,13115
1019,8364
1020,670
1021,718
1022,35434
1023,25055
1024,13391
1025,2030
1026,18195
1027,21479
1028,30379
1029,384
1030,2684
1031,2786
1032,5052
1033,12343
1034,32041
1035,31829
1036,7643
1037,33190
1038,1500
1039,31318
1040,1117
1041,903
1042,35069
1043,36846
1044,33021
1045,1056
1046,917
1047,7148
1048,31804
1049,2229
1050,2490
1051,17679
1052,4056
1053,1725
1054,34535
1055,32410
1056,117
1057,31020
1058,34388
1059,8756
1060,1864
1061,6773
1062,31499
1063,1935
1064,10050
1065,551
1066,9533
1067,690
1068,33511
1069,31091
1070,6902
1071,329
1072,25143
1073,585
1074,6882
1075,3023
1076,2680
1077,4929
1078,23605
1079,19877
1080,126
1081,14407
1082,12867
1083,869
1084,3087
1085,4038
1086,33756
1087,34091
1088,33197
1089,7248
1090,34083
1091,24695
1092,1707
1093,13215
1094,28077
1095,10207
1096,8362
1097,33046
1098,2212
1099,27947
1100,1803
1101,13403
1102,4188
1103,1413
1104,2563
1105,24909
1106,133
1107,2400
1108,18495
1109,4033
1110,603
1111,34262
1112,3692
1113,31410
1114,6676
1115,1902
1116,360
1117,278
1118,30751
1119,431
1120,24373
1121,2238
1122,14181
1123,2758
1124,411
1125,30091
1126,34825
1127,1660
1128,2336
1129,36101
1130,27911
1131,18343
1132,4209
1133,10048
1134,2870
1135,33278
1136,375
1137,33490
1138,3258
1139,33758
1140,23555
1141,10659
1142,13125
1143,2017
1144,28249
1145,1816
1146,256
1147,2771
1148,15905
1149,17815
1150,4765
1151,3271
1152,3836
1153,13331
1154,8909
1155,33498
1156,526
1157,33850
1158,3313
1159,34373
1160,1156
1161,9366
1162,35805
1163,9855
1164,17115
1165,2712
1166,5097
1167,4415
1168,24531
1169,467
1170,36692
1171,17643
1172,2207
1173,21435
1174,3549
1175,31927
1176,1365
1177,10547
1178,1490
1179,6872
1180,12347
1181,33087
1182,1292
1183,21431
1184,746
1185,8514
1186,6637
1187,1709
1188,33362
1189,5204
1190,8324
1191,37044
1192,12899
1193,1572
1194,34280
1195,30066
1196,17895
1197,1729
1198,1621
1199,2042
1200,25345
1201,5908
1202,10359
1203,1082
1204,33038
1205,32805
1206,1582
1207,33712
1208,15613
1209,31174
1210,34771
1211,6920
1212,13709
1213,2019
1214,1832
1215,2333
1216,12549
1217,36291
1218,22961
1219,3605
1220,5088
1221,898
1222,36225
1223,272
1224,9598
1225,11751
1226,2449
1227,15201
1228,30825
1229,3673
1230,8728
1231,31845
1232,8630
1233,22335
1234,33247
1235,34607
1236,9212
1237,980
1238,32663
1239,24705
1240,3065
1241,28227
1242,34915
1243,35285
1244,26055
1245,23233
1246,32601
1247,6701
1248,841
1249,1090
1250,1211
1251,1930
1252,21835
1253,12055
1254,15989
1255,1329
1256,15437
1257,99
1258,36234
1259,32696
1260,1973
1261,32323
1262,5114
1263,6288
1264,16331
1265,35712
1266,22031
1267,9865
1268,19959
1269,32735
1270,34830
1271,29513
1272,12671
1273,1023
1274,9288
1275,34006
1276,34497
1277,1254
1278,19257
1279,929
1280,1021
1281,18391
1282,23787
1283,17437
1284,668
1285,31417
1286,20371
1287,30757
1288,31588
1289,1604
1290,12877
1291,25
1292,2095
1293,32816
1294,4548
1295,22043
1296,30230
1297,456
1298,34647
1299,33419
1300,31807
1301,3077
1302,25161
1303,7712
1304,25973
1305,31111
1306,635
1307,1848
1308,13239
1309,32175
1310,1030
1311,34034
1312,34611
1313,36777
1314,6479
1315,13283
1316,27927
1317,10216
1318,4985
1319,529
1320,1361
1321,33929
1322,5645
1323,10504
1324,36491
1325,35333
1326,32423
1327,4066
1328,29807
1329,36502
1330,35914
1331,28121
1332,2273
1333,6213
1334,5020
1335,2824
1336,4200
1337,9940
1338,19159
1339,12037
1340,23539
1341,33474
1342,334
1343,18941
1344,27567
1345,31980
1346,116
1347,36525
1348,36823
1349,5914
1350,6050
1351,895
1352,1591
1353,604
1354,2927
1355,2237
1356,3430
1357,32574
1358,31414
1359,137
1360,6993
1361,1047
1362,597
1363,15811
1364,32740
1365,24625
1366,3604
1367,4181
1368,3545
1369,36297
1370,34281
1371,32899
1372,1070
1373,31715
1374,465
1375,167
1376,10638
1377,37505
1378,3003
1379,7793
1380,36468
1381,23137
1382,34239
1383,33080
1384,33213
1385,21085
1386,10324
1387,34888
1388,37187
1389,35220
1390,1055
1391,37258
1392,19367
1393,6684
1394,8244
1395,33447
1396,5231
1397,2708
1398,34863
1399,10155
1400,34028
1401,35559
1402,31418
1403,28
1404,33975
1405,1303
1406,2124
1407,33979
1408,35512
1409,1474
1410,14127
1411,6500
1412,32195
1413,1931
1414,14093
1415,5902
1416,31933
1417,26123
1418,462
1419,4211
1420,1526
1421,12175
1422,1722
1423,8516
1424,26359
1425,6774
1426,22377
1427,942
1428,36732
1429,6397
1430,4890
1431,36010
1432,6031
1433,35860
1434,8110
1435,19029
1436,16001
1437,23619
1438,12355
1439,811
1440,6067
1441,1097
1442,367
1443,6718
1444,27681
1445,34720
1446,31618
1447,7748
1448,5028
1449,22699
1450,35612
1451,20479
1452,25157
1453,1397
1454,9346
1455,212
1456,31019
1457,1107
1458,35676
1459,8609
1460,20449
1461,28179
1462,6201
1463,15085
1464,8041
1465,2112
1466,36220
1467,25073
1468,16472
1469,3469
1470,26395
1471,508
1472,3630
1473,134
1474,20651
1475,6408
1476,9253
1477,928
1478,470
1479,30850
1480,32869
1481,6635
1482,32555
1483,20001
1484,36003
1485,5597
1486,35522
1487,6095
1488,34613
1489,5118
1490,27775
1491,324
1492,32871
1493,22693
1494,2834
1495,1727
1496,1384
1497,22125
1498,3086
1499,21809
1500,970
1501,759
1502,372
1503,12267
1504,7523
1505,11491
1506,1822
1507,36548
1508,2221
1509,14145
1510,37590
1511,32191
1512,114
1513,29163
1514,21073
1515,2545
1516,23327
1517,868
1518,665
1519,203
1520,1241
1521,12237
1522,943
1523,23537
1524,1530
1525,32826
1526,285
1527,3660
1528,31442
1529,6078
1530,1038
1531,23319
1532,45
1533,419
1534,83
1535,2923
1536,22789
1537,30702
1538,2516
1539,1427
1540,253
1541,1251
1542,34914
1543,10390
1544,32944
1545,4586
1546,2398
1547,11783
1548,321
1549,32915
1550,5013
1551,10083
1552,3570
1553,3114
1554,8456
1555,8339
1556,37000
1557,25867
1558,34277
1559,10406
1560,31397
1561,31994
1562,21511
1563,2889
1564,2951
1565,148
1566,27957
1567,30663
1568,35443
1569,23289
1570,35254
1571,466
1572,34877
1573,2222
1574,23643
1575,19775
1576,25597
1577,10067
1578,17729
1579,7266
1580,762
1581,3655
1582,451
1583,839
1584,18617
1585,4074
1586,33950
1587,33760
1588,32916
1589,13601
1590,6604
1591,34543
1592,473
1593,22359
1594,35251
1595,36039
1596,8250
1597,16904
1598,8449
1599,34374
1600,8426
1601,23673
1602,1157
1603,12921
1604,7770
1605,11209
1606,12729
1607,36586
1608,9750
1609,34902
1610,29687
1611,29865
1612,18419
1613,4306
1614,31289
1615,34292
1616,20971
1617,6462
1618,8425
1619,2603
1620,953
1621,31861
1622,24977
1623,13759
1624,27969
1625,10832
1626,196
1627,14183
1628,30543
1629,1186
1630,8065
1631,28377
1632,10595
1633,31995
1634,5673
1635,3701
1636,26019
1637,2709
1638,6657
1639,15823
1640,815
1641,20801
1642,34812
1643,3561
1644,3325
1645,13799
1646,6895
1647,31633
1648,9587
1649,1234
1650,3613
1651,3391
1652,27419
1653,3000
1654,6768
1655,43
1656,27831
1657,17637
1658,15389
1659,23383
1660,32897
1661,31018
1662,5526
1663,35498
1664,35890
1665,572
1666,2804
1667,9333
1668,17843
1669,2050
1670,819
1671,4496
1672,4581
1673,1544
1674,1608
1675,3219
1676,11285
1677,35557
1678,1872
1679,2926
1680,36191
1681,1661
1682,21737
1683,34240
1684,31456
1685,9958
1686,5353
1687,9124
1688,33685
1689,34021
1690,11659
1691,565
1692,1218
1693,32171
1694,11185
1695,31564
1696,33500
1697,13137
1698,5702
1699,7337
1700,34866
1701,17585
1702,18745
1703,20543
1704,8234
1705,21235
1706,10611
1707,22695
1708,3137
1709,3162
1710,9922
1711,502
1712,688
1713,1635
1714,7160
1715,37179
1716,1235
1717,8408
1718,2158
1719,19429
1720,3670
1721,838
1722,36197
1723,10017
1724,35250
1725,7582
1726,29301
1727,12461
1728,795
1729,5570
1730,27939
1731,34085
1732,34639
1733,55
1734,34944
1735,22955
1736,33125
1737,23679
1738,26449
1739,25991
1740,5053
1741,23945
1742,1236
1743,13599
1744,36573
1745,3466
1746,8832
1747,17727
1748,31989
1749,1375
1750,21677
1751,33236
1752,16868
1753,27709
1754,2176
1755,31909
1756,454
1757,2965
1758,28999
1759,33999
1760,6421
1761,33672
1762,6868
1763,10714
1764,29809
1765,35182
1766,84
1767,23225
1768,2262
1769,629
1770,2577
1771,2185
1772,37188
1773,28351
1774,266
1775,1878
1776,3019
1777,1281
1778,175
1779,11859
1780,257
1781,3911
1782,5877
1783,2100
1784,4082
1785,16774
1786,934
1787,12963
1788,29575
1789,22777
1790,1120
1791,1634
1792,30390
1793,11771
1794,34733
1795,34766
1796,28859
1797,30100
1798,27787
1799,3229
1800,8841
1801,18939
1802,390
1803,4504
1804,13781
1805,13833
1806,11237
1807,3358
1808,15315
1809,5305
1810,552
1811,101
1812,34525
1813,1509
1814,11739
1815,4013
1816,30240
1817,6932
1818,27687
1819,35255
1820,1278
1821,404
1822,10361
1823,31821
1824,4752
1825,80
1826,3501
1827,2452
1828,111
1829,33433
1830,11741
1831,10075
1832,32875
1833,32502
1834,22663
1835,951
1836,36760
1837,1713
1838,4513
1839,35079
1840,2598
1841,2583
1842,1293
1843,9645
1844,28387
1845,7661
1846,3223
1847,19685
1848,6893
1849,9455
1850,32634
1851,3468
1852,1136
1853,29317
1854,35235
1855,16928
1856,34934
1857,25805
1858,1827
1859,6736
1860,920
1861,6624
1862,23877
1863,15061
1864,14941
1865,32827
1866,36593
1867,2579
1868,631
1869,1391
1870,34032
1871,3863
1872,32830
1873,15313
1874,25731
1875,3625
1876,36737
1877,773
1878,31884
1879,5959
1880,24439
1881,1564
1882,30246
1883,908
1884,5832
1885,33
1886,4639
1887,595
1888,9107
1889,299
1890,24701
1891,21305
1892,1662
1893,17827
1894,30291
1895,371
1896,29223
1897,11531
1898,6064
1899,8115
1900,5507
1901,17265
1902,35639
1903,7375
1904,3787
1905,3754
1906,30923
1907,373
1908,5658
1909,6023
1910,1170
1911,21189
1912,36861
1913,1694
1914,1862
1915,36009
1916,223
1917,169
1918,270
1919,2385
1920,1095
1921,30988
1922,2756
1923,9445
1924,3355
1925,16363
1926,3280
1927,34383
1928,34675
1929,5671
1930,30893
1931,16678
1932,17901
1933,13785
1934,1112
1935,9741
1936,21339
1937,32276
1938,4132
1939,8023
1940,25857
1941,36943
1942,36169
1943,13219
1944,2409
1945,4450
1946,36175
1947,24703
1948,17121
1949,154
1950,5895
1951,31578
1952,7307
1953,28683
1954,2501
1955,36849
1956,15225
1957,35222
1958,3706
1959,21241
1960,561
1961,36797
1962,12599
1963,31251
1964,11835
1965,883
1966,21439
1967,1553
1968,76
1969,2842
1970,24773
1971,10681
1972,9938
1973,1825
1974,1374
1975,20973
1976,1956
1977,573
1978,7705
1979,29893
1980,35009
1981,33581
1982,31812
1983,36524
1984,65
1985,32251
1986,1747
1987,16123
1988,3849
1989,27945
1990,3108
1991,800
1992,34659
1993,8017
1994,30813
1995,12783
1996,36848
1997,31138
1998,11561
1999,34213
2000,21939
2001,984
2002,36764
2003,3939
2004,27613
2005,885
2006,9544
2007,2216
2008,6527
2009,33004
2010,17743
2011,12859
2012,785
2013,9181
2014,17409
2015,23269
2016,10219
2017,31374
2018,1506
2019,6287
2020,36765
2021,34834
2022,37719
2023,10937
2024,427
2025,30279
2026,445
2027,23367
2028,4067
2029,34349
2030,568
2031,5022
2032,37359
2033,36902
2034,16918
2035,33263
2036,31552
2037,31930
2038,1909
2039,7060
2040,34712
2041,1192
2042,33473
2043,22655
2044,20359
2045,290
2046,34928
2047,35376
2048,8443
2049,33486
2050,5259
2051,8101
2052,5332
2053,463
2054,267
2055,981
2056,185
2057,758
2058,3989
2059,6567
2060,4280
2061,23249
2062,1261
2063,33755
2064,36790
2065,33457
2066,455
2067,32030
2068,8424
2069,3910
2070,3991
2071,7122
2072,9308
2073,33798
2074,1889
2075,19671
2076,34848
2077,8547
2078,29871
2079,30585
2080,308
2081,14583
2082,851
2083,15199
2084,5957
2085,29786
2086,89
2087,5684
2088,33342
2089,22745
2090,30132
2091,971
2092,1602
2093,3424
2094,6546
2095,124
2096,8792
2097,9159
2098,1313
2099,23157
2100,2719
2101,3750
2102,3361
2103,34542
2104,35075
2105,1458
2106,31646
2107,2023
2108,658
2109,14123
2110,35302
2111,1111
2112,1678
2113,29801
2114,31555
2115,9811
2116,12321
2117,7592
2118,14027
2119,3226
2120,32932
2121,138
2122,1482
2123,28257
2124,11917
2125,1071
2126,35320
2127,8026
2128,872
2129,4999
2130,19909
2131,4792
2132,412
2133,3616
2134,19653
2135,35262
2136,24795
2137,110
2138,32551
2139,35963
2140,36074
2141,36910
2142,1459
2143,3927
2144,2389
2145,11499
2146,558
2147,33740
2148,5355
2149,1532
2150,35891
2151,19157
2152,105
2153,35076
2154,9055
2155,359
2156,32609
2157,10798
2158,33099
2159,7695
2160,8479
2161,892
2162,876
2163,24817
2164,12677
2165,30321
2166,32256
2167,73
2168,4021
2169,4191
2170,32734
2171,9367
2172,26009
2173,17615
2174,3342
2175,3292
2176,37324
2177,17887
2178,557
2179,21569
2180,30412
2181,11019
2182,31740
2183,2544
2184,32934
2185,32937
2186,30232
2187,5184
2188,2175
2189,6327
2190,10934
2191,4726
2192,905
2193,36266
2194,10936
2195,3958
2196,28983
2197,22247
2198,1668
2199,28957
2200,20
2201,1383
2202,2355
2203,867
2204,649
2205,68
2206,3470
2207,6636
2208,33071
2209,35073
2210,15933
2211,2179
2212,33772
2213,13855
2214,17247
2215,12711
2216,31440
2217,36759
2218,250
2219,10162
2220,20909
2221,8079
2222,28405
2223,33564
2224,1844
2225,5030
2226,31157
2227,8900
2228,36937
2229,18045
2230,37665
2231,2014
2232,11073
2233,15883
2234,6571
2235,25015
2236,33840
2237,306
2238,30641
2239,32197
2240,5493
2241,34884
2242,25681
2243,34488
2244,31430
2245,13367
2246,659
2247,894
2248,97
2249,2043
2250,10497
2251,29027
2252,4443
2253,30458
2254,18851
2255,33245
2256,1347
2257,6325
2258,555
2259,10306
2260,18397
2261,29722
2262,33489
2263,10020
2264,5150
2265,2539
2266,23201
2267,5310
2268,100
2269,28617
2270,32668
2271,4650
2272,12419
2273,2847
2274,15051
2275,10716
2276,13863
2277,2063
2278,2097
2279,4010
2280,34999
2281,7465
2282,34179
2283,1527
2284,34642
2285,3727
2286,941
2287,979
2288,31553
2289,3702
2290,32730
2291,19319
2292,3165
2293,18689
2294,2403
2295,2792
2296,1346
2297,1189
2298,1898
2299,27825
2300,27815
2301,147
2302,1648
2303,32013
2304,31229
2305,8057
2306,6428
2307,33723
2308,530
2309,2767
2310,1967
2311,5454
2312,30378
2313,584
2314,3326
2315,36824
2316,36904
2317,33686
2318,35949
2319,566
2320,30600
2321,10607
2322,7972
2323,8908
2324,24261
2325,6299
2326,30206
2327,93
2328,30777
2329,33691
2330,2938
2331,1290
2332,28537
2333,8551
2334,2500
2335,2733
2336,1533
2337,4262
2338,8676
2339,12485
2340,606
2341,32309
2342,33041
2343,10271
2344,298
2345,12403
2346,1578
2347,14647
2348,8074
2349,2997
2350,6107
2351,3686
2352,35851
2353,24991
2354,1815
2355,350
2356,31559
2357,23829
2358,543
2359,6892
2360,10717
2361,497
2362,12997
2363,34757
2364,9989
2365,2007
2366,35369
2367,7338
2368,24475
2369,35965
2370,1911
2371,35015
2372,33696
2373,36349
2374,30
2375,32547
2376,3937
2377,2002
2378,9135
2379,2259
2380,2586
2381,11843
2382,8987
2383,357
2384,2219
2385,36521
2386,23227
2387,22265
2388,16033
2389,433
2390,7759
2391,28169
2392,10380
2393,2085
2394,4663
2395,7081
2396,9204
2397,23459
2398,11743
2399,3199
2400,17879
2401,21649
2402,9751
2403,30818
2404,11505
2405,31668
2406,861
2407,36803
2408,3710
2409,35957
2410,32359
2411,2740
2412,1466
2413,1116
2414,34566
2415,10731
2416,2907
2417,6958
2418,1011
2419,9120
2420,2513
2421,16586
2422,21571
2423,364
2424,36728
2425,731
2426,10336
2427,36575
2428,3990
2429,7666
2430,4483
2431,31196
2432,32979
2433,37005
2434,777
2435,12119
2436,10546
2437,34307
2438,30695
2439,906
2440,3306
2441,7858
2442,10457
2443,32301
2444,1301
2445,17267
2446,20441
2447,5039
2448,29974
2449,10073
2450,239
2451,8675
2452,25169
2453,32596
2454,58
2455,30782
2456,827
2457,36022
2458,28841
2459,5342
2460,3329
2461,36436
2462,33889
2463,32867
2464,19369
2465,346
2466,18247
2467,3827
2468,2069
2469,33244
2470,17357
2471,36229
2472,19195
2473,3848
2474,647
2475,1813
2476,10469
2477,35295
2478,8548
2479,30869
2480,440
2481,1409
2482,3138
2483,34626
2484,481
2485,34599
2486,3579
2487,33302
2488,23321
2489,34724
2490,33506
2491,16916
2492,8577
2493,1087
2494,10014
2495,1181
2496,149
2497,24469
2498,9693
2499,10447
2500,6772
2501,283
2502,1560
2503,15841
2504,1083
2505,25341
2506,4653
2507,6986
2508,32031
2509,33116
2510,9252
2511,25889
2512,32421
2513,34623
2514,30438
2515,2084
2516,1069
2517,2479
2518,990
2519,13299
2520,30658
2521,29868
2522,22057
2523,23029
2524,771
2525,34304
2526,34382
2527,28771
2528,25859
2529,3048
2530,36473
2531,6355
2532,15195
2533,761
2534,75
2535,10686
2536,2772
2537,2040
2538,21881
2539,1960
2540,517
2541,16345
2542,564
2543,1359
2544,16389
2545,1953
2546,10770
2547,7463
2548,32182
2549,21563
2550,15393
2551,28713
2552,849
2553,28069
2554,37087
2555,2407
2556,11701
2557,8100
2558,3079
2559,1674
2560,2081
2561,9934
2562,15565
2563,31168
2564,10308
2565,4420
2566,160
2567,15751
2568,8795
2569,2694
2570,9595
2571,34742
2572,33377
2573,12031
2574,6129
2575,10916
2576,2863
2577,21667
2578,8367
2579,32729
2580,3230
2581,30920
2582,19445
2583,6581
2584,31923
2585,17012
2586,20745
2587,170
2588,1663
2589,4991
2590,651
2591,33661
2592,31121
2593,33972
2594,3390
2595,30845
2596,33726
2597,1468
2598,7723
2599,1084
2600,32681
2601,19759
2602,2166
2603,6
2604,34501
2605,1559
2606,104
2607,5781
2608,237
2609,23325
2610,21033
2611,2832
2612,28881
2613,10945
2614,197
2615,129
2616,19825
2617,21845
2618,3327
2619,1783
2620,10313
2621,7103
2622,15133
2623,2581
2624,6793
2625,9919
2626,16005
2627,5194
2628,11685
2629,2746
2630,13163
2631,8142
2632,2743
2633,1239
2634,34367
2635,29089
2636,33118
2637,22199
2638,5112
2639,34104
2640,2622
2641,4439
2642,8496
2643,33420
2644,607
2645,35573
2646,1808
2647,1273
2648,1594
2649,4795
2650,1209
2651,5715
2652,33753
2653,25159
2654,11101
2655,19101
2656,34577
2657,23511
2658,31758
2659,33357
2660,33011
2661,33105
2662,2169
2663,1516
2664,24543
2665,34820
2666,19397
2667,1367
2668,10080
2669,1000
2670,24455
2671,1167
2672,3782
2673,9371
2674,207
2675,162
2676,2930
2677,4472
2678,1880
2679,32842
2680,791
2681,222
2682,23421
2683,438
2684,36552
2685,9724
2686,16287
2687,33519
2688,3735
2689,7611
2690,8557
2691,34904
2692,2935
2693,10346
2694,4917
2695,14645
2696,24675
2697,3354
2698,32494
2699,35576
2700,13259
2701,36949
2702,33325
2703,387
2704,17725
2705,23333
2706,4503
2707,31400
2708,24269
2709,34777
2710,29751
2711,2454
2712,34753
2713,20655
2714,36233
2715,18047
2716,36549
2717,1401
2718,34565
2719,18041
2720,34492
2721,2364
2722,428
2723,25977
2724,33074
2725,13859
2726,8898
2727,2497
2728,2000
2729,30895
2730,3965
2731,33505
2732,30187
2733,1372
2734,383
2735,7786
2736,8311
2737,33814
2738,2039
2739,18229
2740,627
2741,32239
2742,36875
2743,35707
2744,30410
2745,15117
2746,621
2747,28921
2748,29901
2749,4962
2750,16648
2751,5141
2752,2128
2753,31149
2754,2966
2755,3446
2756,30499
2757,1603
2758,10033
2759,2798
2760,2789
2761,265
2762,17543
2763,20053
2764,6380
2765,2291
2766,131
2767,888
2768,2808
2769,1015
2770,202
2771,28215
2772,1091
2773,33771
2774,15417
2775,28675
2776,34399
2777,15731
2778,34903
2779,33341
2780,18001
2781,614
2782,31973
2783,28621
2784,20583
2785,30922
2786,3345
2787,6573
2788,8337
2789,2683
2790,158
2791,15895
2792,25503
2793,27503
2794,1998
2795,32833
2796,17819
2797,31105
2798,4854
2799,3834
2800,1868
2801,31227
2802,35629
2803,5079
2804,18771
2805,1550
2806,29787
2807,33089
2808,2964
2809,10721
2810,9618
2811,33024
2812,18653
2813,8068
2814,3674
2815,9063
2816,19703
2817,3317
2818,173
2819,30419
2820,9335
2821,5341
2822,15
2823,11997
2824,31722
2825,8196
2826,31491
2827,32063
2828,36550
2829,417
2830,1858
2831,32160
2832,2597
2833,34411
2834,36923
2835,2354
2836,251
2837,11113
2838,2869
2839,30790
2840,14951
2841,6946
2842,20221
2843,36522
2844,940
2845,37051
2846,25389
2847,5288
2848,32437
2849,29808
2850,20689
2851,25729
2852,34299
2853,477
2854,617
2855,797
2856,3320
2857,32806
2858,9745
2859,14617
2860,29511
2861,9581
2862,35025
2863,13055
2864,3159
2865,28539
2866,21557
2867,28013
2868,13251
2869,2126
2870,13463
2871,8481
2872,31756
2873,33069
2874,7818
2875,1228
2876,20391
2877,5958
2878,31798
2879,793
2880,31952
2881,10536
2882,33205
2883,13551
2884,32559
2885,13201
2886,10270
2887,1031
2888,363
2889,227
2890,14913
2891,432
2892,35008
2893,4508
2894,12581
2895,9776
2896,31753
2897,32785
2898,7157
2899,1373
2900,32613
2901,6974
2902,28911
2903,33795
2904,2386
2905,34747
2906,8197
2907,696
2908,734
2909,29936
2910,32407
2911,1688
2912,33045
2913,4651
2914,3111
2915,33163
2916,33558
2917,3636
2918,20649
2919,268
2920,2503
2921,4672
2922,33773
2923,1424
2924,31422
2925,2685
2926,35730
2927,33865
2928,9734
2929,4278
2930,3654
2931,2064
2932,1043
2933,277
2934,37023
2935,2868
2936,4197
2937,13563
2938,32360
2939,3907
2940,2220
2941,25283
2942,4690
2943,9013
2944,4189
2945,3022
2946,4551
2947,32615
2948,21729
2949,5997
2950,11021
2951,31914
2952,13221
2953,30484
2954,10842
2955,28447
2956,23973
2957,2899
2958,16023
2959,115
2960,11617
2961,5680
2962,10156
2963,31637
2964,32409
2965,6883
2966,22859
2967,32282
2968,28819
2969,8842
2970,24655
2971,18441
2972,8369
2973,471
2974,33291
2975,3571
2976,4574
2977,25013
2978,15545
2979,37559
2980,36267
2981,29573
2982,588
2983,860
2984,650
2985,37026
2986,3765
2987,18781
2988,14131
2989,30296
2990,34510
2991,10802
2992,32005
2993,24775
2994,6220
2995,9673
2996,18095
2997,34800
2998,21329
2999,35739
3000,33806
3001,168
3002,31244
3003,524
3004,2912
3005,1820
3006,2547
3007,31573
3008,19123
3009,11757
3010,30736
3011,4158
3012,10713
3013,9777
3014,31765
3015,16732
3016,685
3017,34514
3018,33455
3019,11911
3020,1269
3021,36099
3022,20507
3023,37112
3024,32954
3025,9028
3026,2026
3027,1944
3028,21059
3029,7867
3030,8258
3031,1020
3032,19831
3033,11227
3034,31380
3035,687
3036,16051
3037,32977
3038,33240
3039,36754
3040,10545
3041,3266
3042,656
3043,14749
3044,2570
3045,1128
3046,3602
3047,31716
3048,31764
3049,128
3050,36440
3051,6422
3052,10456
3053,36259
3054,30089
3055,2083
3056,1473
3057,23135
3058,31498
3059,1573
3060,2781
3061,19099
3062,3522
3063,85
3064,1017
3065,35450
3066,11979
3067,28299
3068,21647
3069,119
3070,3171
3071,31221
3072,92
3073,1857
3074,35326
3075,10087
3076,34725
3077,4598
3078,11313
3079,10500
3080,9065
3081,1990
3082,3272
3083,31762
3084,13309
3085,4713
3086,9718
3087,331
3088,16011
3089,29756
3090,33191
3091,205
3092,2723
3093,31201
3094,6712
3095,33475
3096,506
3097,3021
3098,12467
3099,3550
3100,10350
3101,276
3102,19193
3103,44
3104,32248
3105,1659
3106,28297
3107,33690
3108,19815
3109,11981
3110,288
3111,15039
3112,2921
3113,1127
3114,33698
3115,24751
3116,9935
3117,16866
3118,2235
3119,342
3120,921
3121,32935
3122,2213
3123,2703
3124,1843
3125,34638
3126,30902
3127,4173
3128,19251
3129,1534
3130,601
3131,10624
3132,11537
3133,1538
3134,814
3135,11241
3136,5205
3137,8129
3138,33157
3139,394
3140,933
3141,218
3142,5447
3143,16143
3144,1065
3145,7669
3146,1022
3147,918
3148,2852
3149,12503
3150,27631
3151,1078
3152,33031
3153,973
3154,35818
3155,10821
3156,28851
3157,6867
3158,2236
3159,34831
3160,9314
3161,10259
3162,184
3163,30916
3164,2156
3165,3418
3166,2031
3167,3369
3168,14835
3169,6385
3170,30652
3171,23083
3172,21755
3173,1180
3174,767
3175,35011
3176,3876
3177,976
3178,34302
3179,2895
3180,34412
3181,35247
3182,5973
3183,769
3184,13449
3185,15043
3186,32608
3187,1508
3188,35131
3189,13161
3190,23311
3191,1299
3192,32878
3193,33659
3194,16514
3195,5084
3196,6557
3197,1268
3198,21097
3199,8336
3200,36644
3201,26017
3202,34823
3203,2487
3204,36791
3205,36409
3206,25647
3207,5622
3208,123
3209,516
3210,3546
3211,1344
3212,653
3213,30251
3214,389
3215,10049
3216,3288
3217,12893
3218,30739
3219,171
3220,34161
3221,9561
3222,23079
3223,33206
3224,25241
3225,4447
3226,2041
3227,32534
3228,19879
3229,157
3230,3667
3231,7627
3232,30307
3233,5886
3234,32901
3235,2208
3236,32088
3237,33354
3238,32900
3239,22507
3240,2306
3241,11077
3242,2751
3243,33184
3244,6151
3245,30503
3246,10076
3247,789
3248,996
3249,10334
3250,2432
3251,32836
3252,1287
3253,2351
3254,21573
3255,37668
3256,3751
3257,719
3258,36798
3259,33513
3260,2472
3261,31966
3262,10163
3263,713
3264,398
3265,741
3266,30370
3267,35204
3268,18897
3269,22097
3270,1108
3271,8310
3272,32245
3273,33783
3274,1182
3275,31339
3276,11933
3277,3422
3278,29099
3279,32011
3280,6686
3281,4712
3282,3954
3283,36800
3284,28607
3285,1940
3286,15535
3287,36170
3288,967
3289,30196
3290,29129
3291,2117
3292,18815
3293,33654
3294,5883
3295,23447
3296,33352
3297,14527
3298,165
3299,13727
3300,31163
3301,3064
3302,32998
3303,8487
3304,1563
3305,1271
3306,34980
3307,36996
3308,34088
3309,4618
3310,37181
3311,20533
3312,2086
3313,902
3314,5315
3315,15879
3316,4015
3317,15651
3318,22583
3319,36106
3320,10321
3321,5172
3322,34009
3323,30919
3324,2330
3325,484
3326,1493
3327,652
3328,21713
3329,31173
3330,1496
3331,16157
3332,32572
3333,992
3334,10263
3335,915
3336,782
3337,17909
3338,6945
3339,3421
3340,32038
3341,7590
3342,69
3343,8438
3344,8538
3345,16395
3346,12113
3347,34136
3348,781
3349,6900
3350,12565
3351,35480
3352,5251
3353,24627
3354,32772
3355,4591
3356,30567
3357,23943
3358,10870
3359,5226
3360,6975
3361,35458
3362,9047
3363,1219
3364,33717
3365,36498
3366,2954
3367,1008
3368,29105
3369,1465
3370,12375
3371,1296
3372,34580
3373,393
3374,1491
3375,9520
3376,1996
3377,35183
3378,35828
3379,15111
3380,34353
3381,17497
3382,16936
3383,31706
3384,18393
3385,18115
3386,6691
3387,3332
3388,338
3389,30651
3390,1498
3391,28755
3392,30013
3393,29935
3394,11457
3395,5200
3396,2916
3397,3081
3398,33731
3399,11663
3400,35968
3401,1165
3402,4182
3403,199
3404,2116
3405,21177
3406,18767
3407,19191
3408,30875
3409,488
3410,31051
3411,37036
3412,1119
3413,31319
3414,6694
3415,1525
3416,1187
3417,15609
3418,32667
3419,11031
3420,706
3421,22943
3422,17082
3423,4059
3424,1284
3425,1706
3426,30384
3427,36444
3428,27411
3429,31096
3430,3615
3431,33746
3432,11747
3433,28981
3434,5927
3435,1143
3436,3931
3437,6028
3438,10490
3439,32802
3440,24835
3441,31665
3442,36539
3443,32949
3444,1089
3445,15227
3446,6219
3447,2462
3448,1836
3449,4339
3450,2506
3451,25755
3452,1632
3453,25877
3454,19573
3455,421
3456,32886
3457,1175
3458,10370
3459,34963
3460,12411
3461,3419
3462,3051
3463,33788
3464,20557
3465,30364
3466,7377
3467,33280
3468,20267
3469,2390
3470,1915
3471,3603
3472,2251
3473,655
3474,20545
3475,10372
3476,36914
3477,15021
3478,35385
3479,12291
3480,3363
3481,32026
3482,6331
3483,1685
3484,28171
3485,6748
3486,28805
3487,28725
3488,845
3489,6444
3490,31704
3491,16524
3492,35145
3493,5644
3494,15291
3495,337
3496,450
3497,2445
3498,29941
3499,230
3500,2366
3501,34740
3502,6169
3503,6862
3504,10258
3505,2554
3506,60
3507,25839
3508,8171
3509,36748
3510,30954
3511,35530
3512,33064
3513,6610
3514,7436
3515,30014
3516,109
3517,3593
3518,347
3519,33836
3520,33845
3521,1032
3522,863
3523,2596
3524,67
3525,35635
3526,32829
3527,35814
3528,20033
3529,1787
3530,31370
3531,4816
3532,15633
3533,36983
3534,10710
3535,1676
3536,35843
3537,294
3538,2611
3539,21255
3540,1920
3541,8768
3542,29998
3543,5772
3544,22729
3545,34572
3546,1230
3547,582
3548,19115
3549,2904
3550,29910
3551,893
3552,35788
3553,10116
3554,18177
3555,11319
3556,12901
3557,4927
3558,30947
3559,21521
3560,13119
3561,608
3562,35082
3563,589
3564,2937
3565,107
3566,17873
3567,35067
3568,23101
3569,225
3570,35502
3571,2105
3572,29855
3573,21995
3574,24893
3575,27785
3576,2924
3577,535
3578,30727
3579,559
3580,1847
3581,4266
3582,16680
3583,33254
3584,7268
3585,32962
3586,3962
3587,522
3588,9760
3589,37145
3590,10495
3591,13561
3592,6675
3593,258
3594,2331
3595,2759
3596,12115
3597,2779
3598,12391
3599,8475
3600,33003
3601,33241
3602,1214
3603,4549
3604,1489
3605,36096
3606,35720
3607,36833
3608,26213
3609,7016
3610,29361
3611,34244
3612,35134
3613,1986
3614,1191
3615,1775
3616,34309
3617,2457
3618,8554
3619,30868
3620,13441
3621,16646
3622,14467
3623,5904
3624,2624
3625,37148
3626,284
3627,14967
3628,35224
3629,1738
3630,141
3631,19769
3632,16740
3633,12967
3634,86
3635,444
3636,11359
3637,2010
3638,4793
3639,33524
3640,30812
3641,28623
3642,21603
3643,1952
3644,36186
3645,3057
3646,20787
3647,25437
3648,13469
3649,34207
3650,2269
3651,7066
3652,452
3653,34337
3654,36581
3655,34905
3656,18411
3657,5717
3658,32879
3659,12433
3660,8358
3661,1295
3662,19
3663,34792
3664,2248
3665,1885
3666,31530
3667,3572
3668,31055
3669,2813
3670,34940
3671,8039
3672,4214
3673,14059
3674,19117
3675,35203
3676,24123
3677,31324
3678,30016
3679,28883
3680,5670
3681,4151
3682,1782
3683,34851
3684,25457
3685,378
3686,34864
3687,34966
3688,6509
3689,34721
3690,9506
3691,22135
3692,34628
3693,33314
3694,19489
3695,28791
3696,9220
3697,12709
3698,33037
3699,22071
3700,32402
3701,7110
3702,34321
3703,28853
3704,18857
3705,4062
3706,9539
3707,35298
3708,2132
3709,4163
3710,11266
3711,33531
3712,12531
3713,1810
3714,1947
3715,20159
3716,2061
3717,33763
3718,1412
3719,2867
3720,36108
3721,2983
3722,1879
3723,7578
3724,287
3725,20187
3726,4725
3727,32548
3728,34055
3729,10572
3730,3919
3731,26011
3732,5689
3733,81
3734,2123
3735,2734
3736,7651
3737,34839
3738,32023
3739,36775
3740,10834
3741,12991
3742,448
3743,837
3744,4494
3745,2325
3746,3433
3747,348
3748,2730
3749,34016
3750,22055
3751,31754
3752,17205
3753,35883
3754,30015
3755,3972
3756,35997
3757,2933
3758,3576
3759,3503
3760,10711
3761,715
3762,3089
3763,866
3764,1060
3765,16385
3766,2978
3767,1494
3768,2829
3769,9365
3770,2747
3771,1193
3772,48
3773,19799
3774,12917
3775,29017
3776,18849
3777,23781
3778,3270
3779,18277
3780,34403
3781,34052
3782,35574
3783,3075
3784,3858
3785,36661
3786,31368
3787,240
3788,3152
3789,22433
3790,34439
3791,20473
3792,34636
3793,6033
3794,30420
3795,49
3796,13357
3797,937
3798,31580
3799,33231
3800,8763
3801,1535
3802,1704
3803,27891
3804,15197
3805,16255
3806,10740
3807,30381
3808,33299
3809,852
3810,615
3811,6093
3812,31890
3813,8394
3814,1094
3815,9930
3816,7739
3817,33741
3818,23409
3819,151
3820,12579
3821,12477
3822,15591
3823,2873
3824,2744
3825,6918
3826,22817
3827,30654
3828,30989
3829,6979
3830,425
3831,11597
3832,35202
3833,840
3834,1133
3835,12001
3836,31519
3837,12965
3838,3653
3839,32739
3840,5177
3841,536
3842,2911
3843,23209
3844,1123
3845,32461
3846,4063
3847,37088
3848,36486
3849,2278
3850,33983
3851,33201
3852,1543
3853,854
3854,31389
3855,540
3856,1721
3857,1892
3858,33532
3859,33499
3860,4723
3861,13159
3862,7308
3863,29976
3864,25943
3865,1158
3866,11239
3867,1682
3868,986
3869,30891
3870,35191
3871,10687
3872,37566
3873,34176
3874,2465
3875,6251
3876,318
3877,24855
3878,1188
3879,2737
3880,19585
3881,13141
3882,28185
3883,2150
3884,8960
3885,2823
3886,34533
3887,300
3888,738
3889,34449
3890,34368
3891,8532
3892,3712
3893,1923
3894,1049
3895,12281
3896,16498
3897,750
3898,33042
3899,14317
3900,31771
3901,33161
3902,9062
3903,35000
3904,1153
3905,35988
3906,1245
3907,30901
3908,29325
3909,2697
3910,32
3911,31647
3912,2458
3913,2018
3914,5945
3915,4162
3916,1041
3917,8442
3918,1949
3919,35756
3920,23897
3921,3276
3922,1894
3923,8235
3924,6217
3925,2016
3926,1766
3927,15793
3928,66
3929,22547
3930,5688
3931,3807
3932,1210
3933,1484
3934,10298
3935,9310
3936,16914
3937,28701
3938,23375
3939,25965
3940,2383
3941,3006
3942,17777
3943,1100
3944,34208
3945,7108
3946,5821
3947,7969
3948,29603
3949,13333
3950,9735
3951,1724
3952,35215
3953,2705
3954,27737
3955,6171
3956,36275
3957,36501
3958,1860
3959,31789
3960,4981
3961,5252
3962,402
3963,8211
3964,8214
3965,30010
3966,36969
3967,71
3968,3449
3969,22465
3970,2093
3971,485
3972,28497
3973,17919
3974,3734
3975,31344
3976,32089
3977,34933
3978,8993
3979,29067
3980,391
3981,2102
3982,3349
3983,204
3984,36097
3985,1561
3986,554
3987,19751
3988,33546
3989,25835
3990,10481
3991,16444
3992,8440
3993,17641
3994,12145
3995,1528
3996,1486
3997,32981
3998,10045
3999,35575
4000,12413
4001,1350
4002,3359
4003,8619
4004,2555
4005,12123
4006,8536
4007,1356
4008,37564
4009,32397
4010,36976
4011,513
4012,10464
4013,2254
4014,33970
4015,31978
4016,10178
4017,5646
4018,1968
4019,1521
4020,10801
4021,37408
4022,33417
4023,5473
4024,7646
4025,6634
4026,35516
4027,31147
4028,36915
4029,3538
4030,34716
4031,31137
4032,21067
4033,34794
4034,5968
4035,13939
4036,637
4037,6361
4038,32571
4039,36162
4040,8915
4041,24011
4042,3182
4043,28495
4044,3588
4045,24765
4046,187
4047,1639
4048,14511
4049,186
4050,24791
4051,31629
4052,5865
4053,23283
4054,3900
4055,33019
4056,413
4057,11879
4058,31521
4059,1505
4060,19023
4061,14833
4062,5018
4063,1794
4064,34201
4065,11001
4066,4150
4067,6178
4068,21765
4069,31710
4070,6971
4071,2357
4072,2468
4073,9330
4074,349
4075,13311
4076,35248
4077,33366
4078,873
4079,13663
4080,6091
4081,13139
4082,10999
4083,4242
4084,24687
4085,766
4086,550
4087,30549
4088,31737
4089,34734
4090,1667
4091,6811
4092,2594
4093,464
4094,34092
4095,2815
4096,33998
4097,2427
4098,35346
4099,2152
4100,592
4101,32851
4102,7058
4103,2367
4104,1951
4105,5005
4106,1542
4107,32065
4108,10847
4109,34480
4110,4492
4111,30870
4112,31652
4113,3131
4114,1455
4115,32262
4116,392
4117,27539
4118,8086
4119,644
4120,30524
4121,21541
4122,13335
4123,26013
4124,33350
4125,5667
4126,32866
4127,20709
4128,2020
4129,25303
4130,544
4131,10779
4132,822
4133,33993
4134,682
4135,36756
4136,1802
4137,499
4138,23281
4139,4697
4140,7364
4141,36942
4142,35971
4143,2151
4144,6721
4145,34849
4146,37672
4147,25879
4148,30806
4149,4075
4150,8312
4151,18191
4152,3537
4153,21075
4154,34394
4155,11977
4156,24277
4157,19315
4158,4155
4159,36215
4160,34502
4161,4600
4162,570
4163,36102
4164,4855
4165,1929
4166,31109
4167,32959
4168,10736
4169,24075
4170,226
4171,13457
4172,32801
4173,36574
4174,5155
4175,5391
4176,1555
4177,5279
4178,22123
4179,1118
4180,28869
4181,35658
4182,18507
4183,4485
4184,3508
4185,32447
4186,5267
4187,9355
4188,1317
4189,24169
4190,10737
4191,25045
4192,112
4193,21855
4194,10444
4195,1280
4196,36762
4197,150
4198,2131
4199,7645
4200,2148
4201,34871
4202,1592
4203,891
4204,33818
4205,10479
4206,12483
4207,21103
4208,30039
4209,33044
4210,34428
4211,1840
4212,35519
4213,23013
4214,30276
4215,31788
4216,9904
4217,25975
4218,1520
4219,22687
4220,5477
4221,327
4222,322
4223,15037
4224,848
4225,2249
4226,11355
4227,1171
4228,231
4229,22877
4230,36799
4231,4555
4232,1279
4233,30714
4234,31608
4235,1842
4236,21707
4237,34050
4238,36840
4239,6572
4240,1852
4241,32563
4242,18245
4243,5494
4244,9773
4245,10397
4246,31297
4247,10694
4248,10294
4249,1620
4250,21167
4251,1001
4252,3174
4253,1577
4254,24365
4255,12753
4256,1671
4257,12293
4258,23871
4259,1400
4260,31866
4261,33491
4262,5132
4263,1566
4264,32887
4265,5152
4266,29814
4267,30346
4268,25669
4269,914
4270,25971
4271,25649
4272,3014
4273,1246
4274,580
4275,429
4276,6951
4277,9774
4278,6787
4279,6198
4280,691
4281,33502
4282,15391
4283,9969
4284,17341
4285,33697
4286,5462
4287,30453
4288,34148
4289,9837
4290,9130
4291,7158
4292,32995
4293,8765
4294,35540
4295,20899
4296,62
4297,1519
4298,5300
4299,1824
4300,2044
4301,388
4302,7711
4303,31326
4304,449
4305,7334
4306,9095
4307,7088
4308,859
4309,106
4310,36766
4311,31483
4312,2572
4313,4051
4314,30290
4315,18713
4316,5859
4317,13349
4318,27997
4319,6383
4320,2145
4321,30123
4322,32382
4323,30738
4324,14735
4325,25313
4326,5593
4327,32717
4328,33899
4329,33713
4330,34402
4331,33668
4332,11135
4333,2008
4334,479
4335,3375
4336,20613
4337,34012
4338,10884
4339,8764
4340,20021
4341,61
4342,1244
4343,36018
4344,31593
4345,1477
4346,2204
4347,35905
4348,17739
4349,34289
4350,833
4351,35111
4352,9970
4353,5306
4354,33394
4355,10815
4356,1456
4357,1
4358,35241
4359,1742
4360,32446
4361,9756
4362,6919
4363,10109
4364,7017
4365,11203
4366,7014
4367,31815
4368,2552
4369,2950
4370,2567
4371,18557
4372,4901
4373,33727
4374,1215
4375,437
4376,32388
4377,2130
4378,10620
4379,252
4380,27521
4381,31050
4382,5074
4383,16099
4384,25777
4385,8888
4386,6988
4387,3641
4388,24727
4389,33363
4390,6087
4391,24975
4392,4798
4393,32228
4394,6413
4395,36517
4396,18661
4397,5581
4398,22535
4399,24973
4400,32943
4401,1249
4402,1164
4403,6467
4404,2113
4405,4054
4406,10764
4407,2881
4408,3681
4409,356
4410,6658
4411,4037
4412,442
4413,24997
4414,376
4415,2225
4416,9712
4417,35558
4418,4081
4419,1588
4420,666
4421,30991
4422,3582
4423,3167
4424,36288
4425,31202
4426,14277
4427,8937
4428,6909
4429,8097
4430,37175
4431,486
4432,10501
4433,13839
4434,4782
4435,8
4436,2092
4437,9041
4438,9716
4439,6425
4440,9617
4441,521
4442,31454
4443,305
4444,30831
4445,14875
4446,3505
4447,27441
4448,426
4449,2729
4450,8078
4451,12455
4452,35347
4453,9883
4454,28305
4455,11807
4456,1817
4457,35823
4458,32383
4459,2582
4460,677
4461,710
4462,22189
4463,12367
4464,2795
4465,23199
4466,36028
4467,5029
4468,5681
4469,34376
4470,20075
4471,5760
4472,32607
4473,964
4474,32686
4475,2290
4476,33446
4477,33764
4478,118
4479,2397
4480,10628
4481,2494
4482,24171
4483,21701
4484,2891
4485,29832
4486,52
4487,796
4488,7876
4489,3127
4490,33934
4491,279
4492,32542
4493,1145
4494,577
4495,1302
4496,35114
4497,533
4498,2433
4499,10851
4500,904
4501,35923
4502,974
4503,23279
4504,37143
4505,32682
4506,31783
4507,25117
4508,1890
4509,32152
4510,15127
4511,35827
4512,31493
4513,3513
4514,6555
4515,2277
4516,3785
4517,31369
4518,19021
4519,6901
4520,195
4521,15735
4522,25429
4523,3512
4524,8687
4525,35608
4526,14539
4527,16239
4528,3600
4529,32832
4530,3231
4531,10622
4532,22215
4533,35343
4534,1657
4535,4596
4536,518
4537,16908
4538,6351
4539,7728
4540,3088
4541,31790
4542,23151
4543,8476
4544,400
4545,5978
4546,1988
4547,32438
4548,6674
4549,21215
4550,12815
4551,15323
4552,8848
4553,15537
4554,2067
4555,2580
4556,4703
4557,969
4558,31327
4559,6746
4560,8654
4561,30686
4562,1485
4563,5075
4564,28155
4565,3228
4566,660
4567,3447
4568,31997
4569,6166
4570,5151
4571,874
4572,3210
4573,1865
4574,33916
4575,1129
4576,10092
4577,13231
4578,4923
4579,11665
4580,6855
4581,27833
4582,2189
4583,29087
4584,16355
4585,2608
4586,5337
4587,6261
4588,5216
4589,5460
4590,1013
4591,17947
4592,959
4593,15959
4594,25981
4595,6884
4596,32379
4597,1626
4598,2402
4599,7902
4600,35526
4601,33188
4602,8361
4603,36804
4604,10379
4605,468
4606,29916
4607,5440
4608,16417
4609,2060
4610,32093
4611,6008
4612,32268
4613,13619
4614,457
4615,1398
4616,15347
4617,36144
4618,33371
4619,10187
4620,309
4621,8561
4622,3594
4623,897
4624,33988
4625,15775
4626,1237
4627,8632
4628,18055
4629,21405
4630,20871
4631,1740
4632,20999
4633,2615
4634,8857
4635,36032
4636,33032
4637,20951
4638,34036
4639,23399
4640,5529
4641,2835
4642,19647
4643,3901
4644,3245
4645,12769
4646,3455
4647,27991
4648,31675
4649,579
4650,23037
4651,22669
4652,30413
4653,1869
4654,30754
4655,4000
4656,16528
4657,344
4658,23
4659,6007
4660,33196
4661,3568
4662,35504
4663,23251
4664,31376
4665,3879
4666,31043
4667,1352
4668,33681
4669,36198
4670,12039
4671,15749
4672,17389
4673,17513
4674,15109
4675,24471
4676,23587
4677,879
4678,8409
4679,10201
4680,22683
4681,22145
4682,29095
4683,11633
4684,26007
4685,28619
4686,19951
4687,2741
4688,12317
4689,12487
4690,13843
4691,7079
4692,3854
4693,8655
4694,35656
4695,25635
4696,2725
4697,201
4698,3596
4699,6633
4700,1348
4701,5072
4702,4884
4703,36796
4704,5051
4705,33047
4706,30925
4707,34948
4708,3323
4709,31757
4710,37204
4711,1922
4712,26441
4713,1684
4714,2749
4715,6390
4716,5307
4717,2140
4718,4491
4719,35072
4720,7664
4721,35466
4722,181
4723,32222
4724,14921
4725,3220
4726,1568
4727,591
4728,20457
4729,33520
4730,10297
4731,2294
4732,24637
4733,1338
4734,3456
4735,8348
4736,12029
4737,6594
4738,35673
4739,29758
4740,245
4741,36148
4742,2371
4743,30679
4744,25113
4745,10114
4746,913
4747,36095
4748,9563
4749,1554
4750,2971
4751,1959
4752,36572
4753,1179
4754,10796
4755,24133
4756,2414
4757,1583
4758,25267
4759,1207
4760,18655
4761,26057
4762,9523
4763,541
4764,35159
4765,9794
4766,16982
4767,11715
4768,10690
4769,29785
4770,2309
4771,33926
4772,19919
4773,31361
4774,21781
4775,30311
4776,35416
4777,12499
4778,667
4779,1451
4780,2417
4781,6714
4782,10459
4783,875
4784,4803
4785,1079
4786,36962
4787,291
4788,7774
4789,34106
4790,18377
4791,7662
4792,2604
4793,33913
4794,16442
4795,31865
4796,32526
4797,23931
4798,296
4799,10581
4800,33606
4801,28309
4802,2313
4803,30533
4804,22835
4805,3941
4806,567
4807,7598
4808,30803
4809,12723
4810,35603
4811,11179
4812,6117
4813,17157
4814,7
4815,1537
4816,2562
4817,3559
4818,28673
4819,10029
4820,30741
4821,1050
4822,8829
4823,31234
4824,8598
4825,8550
4826,19285
4827,33434
4828,2045
4829,16870
4830,18619
4831,15307
4832,22537
4833,33013
4834,4106
4835,31245
4836,30885
4837,34978
4838,12149
4839,36531
4840,21851
4841,9435
4842,20785
4843,15451
4844,16728
4845,20243
4846,397
4847,864
4848,5600
4849,1581
4850,24845
4851,15783
4852,56
4853,8230
4854,29715
4855,9177
4856,2549
4857,1965
4858,10507
4859,9568
4860,18063
4861,1074
4862,2292
4863,1546
4864,2154
4865,23121
4866,53
4867,36563
4868,35806
4869,31658
4870,36884
4871,6164
4872,33193
4873,17871
4874,511
4875,36864
4876,10165
4877,26163
4878,30313
4879,36166
4880,9154
4881,34964
4882,25719
4883,7915
4884,9201
4885,5246
4886,14045
4887,34125
4888,292
4889,31237
4890,3874
4891,8246
4892,8525
4893,32034
4894,1487
4895,3935
4896,2505
4897,1795
4898,3460
4899,17187
4900,21105
4901,98
4902,32084
4903,34738
4904,9905
4905,34511
4906,31373
4907,30470
4908,7472
4909,36424
4910,51
4911,15005
4912,30305
4913,3816
4914,4719
4915,8217
4916,4060
4917,25801
4918,2252
4919,950
4920,5027
4921,912
4922,7769
4923,32059
4924,198
4925,16668
4926,3574
4927,31518
4928,34315
4929,430
4930,30953
4931,3033
4932,36027
4933,33130
4934,3352
4935,32898
4936,35459
4937,10213
4938,35465
4939,30417
4940,1040
4941,33142
4942,975
4943,22759
4944,10342
4945,1389
4946,311
4947,6733
4948,32870
4949,569
4950,1240
4951,34453
4952,3213
4953,21327
4954,3125
4955,31885
4956,21775
4957,2828
4958,34529
4959,21497
4960,1252
4961,3736
4962,28835
4963,20517
4964,34076
4965,33997
4966,5535
4967,19211
4968,4454
4969,17897
4970,34338
4971,31793
4972,21641
4973,15915
4974,12431
4975,228
4976,28391
4977,1617
4978,6941
4979,8685
4980,495
4981,24037
4982,8634
4983,35086
4984,16592
4985,234
4986,10391
4987,10431
4988,24629
4989,10863
4990,25907
4991,3147
4992,11483
4993,358
4994,3637
4995,36722
4996,14663
4997,694
4998,22293
4999,34927
5000,18671
5001,1453
5002,28861
5003,8460
5004,10513
5005,2009
5006,1580
5007,33075
5008,1593
5009,11255
5010,2015
5011,32313
5012,2686
5013,19953
5014,33949
5015,581
5016,1311
5017,35727
5018,12157
5019,2826
5020,14237
5021,8422
5022,2820
5023,30375
5024,3488
5025,35849
5026,9525
5027,443
5028,12021
5029,6548
5030,1220
5031,3268
5032,9479
5033,3758
5034,12715
5035,3802
5036,16762
5037,32133
5038,32105
5039,31645
5040,31283
5041,28479
5042,10797
5043,5277
5044,1387
5045,34872
5046,2057
5047,4138
5048,9797
5049,31080
5050,3032
5051,11385
5052,10357
5053,4014
5054,14347
5055,1792
5056,34962
5057,1298
5058,15687
5059,32086
5060,11065
5061,1443
5062,10589
5063,3691
5064,34504
5065,1155
5066,206
5067,35815
5068,1262
5069,23277
5070,32321
5071,37047
5072,3389
5073,9798
5074,2724
5075,27387
5076,28677
5077,2508
5078,341
5079,28105
5080,1103
5081,1386
5082,1270
5083,297
5084,401
5085,3001
5086,3279
5087,17741
5088,21829
5089,30778
5090,264
5091,6877
5092,9588
5093,1297
5094,32676
5095,8628
5096,3435
5097,5983
5098,156
5099,9996
5100,34204
5101,27967
5102,3193
5103,3626
5104,10525
5105,15119
5106,5485
5107,2157
5108,33203
5109,1517
5110,121
5111,5630
5112,37180
5113,2963
5114,2903
5115,4970
5116,26453
5117,2066
5118,13203
5119,10224
5120,10360
5121,17875
5122,8353
5123,740
5124,12505
5125,35158
5126,29831
5127,16241
5128,34177
5129,507
5130,30445
5131,9736
5132,1618
5133,35007
5134,34295
5135,31240
5136,33846
5137,200
5138,25397
5139,9121
5140,31846
5141,24151
5142,32881
5143,17209
5144,32892
5145,586
5146,34290
5147,31785
5148,10703
5149,2466
5150,20755
5151,1324
5152,1113
5153,5356
5154,5234
5155,4720
5156,16393
5157,30948
5158,77
5159,2032
5160,32174
5161,1492
5162,15863
5163,6899
5164,20045
5165,32369
5166,9890
5167,10578
5168,31911
5169,743
5170,12689
5171,2848
5172,3915
5173,10697
5174,2076
5175,6553
5176,35315
5177,7561
5178,626
5179,22101
5180,34552
5181,1619
5182,17505
5183,6381
5184,12611
5185,14719
5186,1856
5187,14345
5188,5228
5189,340
5190,5147
5191,30514
5192,32698
5193,461
5194,2089
5195,599
5196,29854
5197,10349
5198,216
5199,5420
5200,36428
5201,1369
5202,32158
5203,3305
5204,36124
5205,1227
5206,2087
5207,4689
5208,34389
5209,3102
5210,5713
5211,10808
5212,32864
5213,3821
5214,5
5215,7041
5216,17849
5217,34096
5218,1174
5219,2135
5220,36223
5221,6024
5222,3763
5223,34494
5224,79
5225,36727
5226,33173
5227,8063
5228,31433
5229,4240
5230,4080
5231,31049
5232,2612
5233,754
5234,36577
5235,2001
5236,2814
5237,1606
5238,919
5239,368
5240,35757
5241,11813
5242,35909
5243,17917
5244,1541
5245,22147
5246,9393
5247,31452
5248,12745
5249,12185
5250,12117
5251,9979
5252,163
5253,896
5254,7647
5255,34836
5256,34540
5257,22099
5258,5040
5259,1250
5260,537
5261,32467
5262,30344
5263,27653
5264,4358
5265,3281
5266,23777
5267,4107
5268,3298
5269,2429
5270,10338
5271,12053
5272,1614
5273,10189
5274,1137
5275,3299
5276,10739
5277,12017
5278,36308
5279,36571
5280,1019
5281,2361
5282,31772
5283,33730
5284,29035
5285,16474
5286,634
5287,11033
5288,36103
5289,33728
5290,10793
5291,17753
5292,1599
5293,21635
5294,36516
5295,3120
5296,19121
5297,2510
5298,2101
5299,7106
5300,4481
5301,8423
5302,345
5303,34822
5304,15699
5305,20843
5306,21469
5307,3577
5308,32015
5309,34451
5310,2993
5311,3176
5312,2106
5313,28595
5314,6060
5315,34100
5316,33720
5317,4835
5318,553
5319,11705
5320,2695
5321,3312
5322,15377
5323,1162
5324,32953
5325,33222
5326,27
5327,1888
5328,834
5329,3936
5330,31424
5331,12481
5332,32094
5333,19297
5334,33421
5335,15743
5336,36818
5337,10209
5338,35567
5339,1314
5340,2161
5341,482
5342,23237
5343,23989
5344,34541
5345,7708
5346,1941
5347,35070
5348,27655
5349,31988
5350,33528
5351,2967
5352,6203
5353,2136
5354,9353
5355,4459
5356,13495
5357,4192
5358,37045
5359,30746
5360,36135
5361,8249
5362,3668
5363,985
5364,32188
5365,36038
5366,4052
5367,289
5368,2955
5369,1325
5370,31903
5371,3248
5372,18179
5373,35321
5374,8963
5375,23353
5376,31733
5377,21659
5378,6372
5379,23259
5380,16518
5381,33025
5382,21797
5383,19619
5384,2973
5385,15379
5386,3322
5387,155
5388,31403
5389,1148
5390,30449
5391,916
5392,2471
5393,1198
5394,1821
5395,36001
5396,1576
5397,1093
5398,17787
5399,17731
5400,1829
5401,16397
5402,34547
5403,2451
5404,255
5405,12795
5406,31904
5407,13587
5408,30911
5409,7619
5410,15453
5411,6275
5412,30896
5413,28979
5414,33308
5415,3053
5416,3290
5417,34745
5418,11799
5419,12673
5420,3760
5421,886
5422,33002
5423,405
5424,20365
5425,26015
5426,32920
5427,183
5428,19511
5429,34420
5430,19109
5431,3009
5432,6959
5433,2263
5434,4156
5435,1224
5436,9100
5437,6114
5438,8450
5439,36828
5440,788
5441,5539
5442,23293
5443,20849
5444,16782
5445,2754
5446,22297
5447,4744
5448,30740
5449,2028
5450,36827
5451,32566
5452,26243
5453,1689
5454,16049
5455,11553
5456,35714
5457,1764
5458,1208
5459,1121
5460,33181
5461,21495
5462,8216
5463,11615
5464,3887
5465,9426
5466,36456
5467,1163
5468,18499
5469,4607
5470,31101
5471,415
5472,36991
5473,3222
5474,3371
5475,1204
5476,9706
5477,1092
5478,35062
5479,4195
5480,127
5481,31967
5482,31156
5483,1199
5484,9332
5485,14293
5486,24681
5487,2080
5488,30363
5489,909
5490,6119
5491,35789
5492,37172
5493,707
5494,36652
5495,2103
5496,4866
5497,3859
5498,7768
5499,1896
5500,14827
5501,13517
5502,10389
5503,6377
5504,32956
5505,5753
5506,600
5507,14513
5508,2952
5509,33391
5510,24417
5511,36894
5512,1042
5513,25967
5514,3035
5515,7580
5516,2391
5517,19873
5518,4028
5519,33122
5520,34474
5521,31098
5522,8876
5523,33035
5524,34602
5525,16706
5526,2382
5527,189
5528,15097
5529,1441
5530,878
5531,330
5532,34300
5533,3835
5534,16247
5535,2412
5536,31680
5537,11693
5538,2785
5539,14811
5540,29
5541,4177
5542,11703
5543,25915
5544,2962
5545,5774
5546,17423
5547,32697
5548,9441
5549,2825
5550,2215
5551,1029
5552,36296
5553,31223
5554,9289
5555,34257
5556,30137
5557,33739
5558,8961
5559,5081
5560,33948
5561,37360
5562,29093
5563,36492
5564,14247
5565,13835
5566,16934
5567,3166
5568,34756
5569,34787
5570,12393
5571,31478
5572,2982
5573,2593
5574,33091
5575,2422
5576,1936
5577,23273
5578,13993
5579,24029
5580,1002
5581,31848
5582,32051
5583,36043
5584,33026
5585,8740
5586,1253
5587,31853
5588,645
5589,8133
5590,1607
5591,35590
5592,28907
5593,487
5594,10470
5595,5928
5596,31056
5597,435
5598,5953
5599,36470
5600,18039
5601,243
5602,28915
5603,5034
5604,32415
5605,11339
5606,30437
5607,1300
5608,900
5609,33323
5610,9608
5611,9917
5612,36956
5613,34324
5614,28825
5615,6964
5616,21409
5617,20431
5618,13535
5619,30385
5620,262
5621,19613
5622,25661
5623,7667
5624,33392
5625,12637
5626,21039
5627,7135
5628,21663
5629,16694
5630,4789
5631,7262
5632,7059
5633,31560
5634,34086
5635,36569
5636,2753
5637,29837
5638,3652
5639,31621
5640,11841
5641,15951
5642,12685
5643,17811
5644,30649
5645,34662
5646,10191
5647,16910
5648,1962
5649,2405
5650,12049
5651,3444
5652,6065
5653,159
5654,10417
5655,22673
5656,1185
5657,11079
5658,2512
5659,34719
5660,949
5661,474
5662,4794
5663,1779
5664,33034
5665,343
5666,9793
5667,29101
5668,25519
5669,24227
5670,34235
5671,35770
5672,4705
5673,2049
5674,632
5675,636
5676,3318
5677,16347
5678,142
5679,3614
5680,3820
5681,37254
5682,16662
5683,34973
5684,3394
5685,3060
5686,33221
5687,3676
5688,25491
5689,6030
5690,369
5691,16436
5692,6209
5693,1690
5694,10549
5695,3101
5696,1472
5697,380
5698,15059
5699,32267
5700,32151
5701,33964
5702,63
5703,17491
5704,11017
5705,25599
5706,2706
5707,32828
5708,31964
5709,6794
5710,5675
5711,13851
5712,2799
5713,31851
5714,14829
5715,13731
5716,14893
5717,2062
5718,5032
5719,4382
5720,28207
5721,30289
5722,10715
5723,34519
5724,271
5725,8287
5726,27629
5727,31919
5728,4282
5729,6068
5730,14189
5731,32215
5732,34776
5733,1115
5734,28283
5735,884
5736,33572
5737,33338
5738,11445
5739,10418
5740,31859
5741,2209
5742,4355
5743,14753
5744,1410
5745,9000
5746,31128
5747,20767
5748,27619
5749,9790
5750,30915
5751,8134
5752,5397
5753,35510
5754,3841
5755,27663
5756,34167
5757,9988
5758,32930
5759,6980
5760,9465
5761,31044
5762,22541
5763,783
5764,9731
5765,664
5766,23317
5767,31439
5768,35286
5769,34284
5770,2623
5771,11889
5772,4983
5773,35838
5774,9202
5775,36160
5776,37033
5777,3085
5778,8812
5779,7053
5780,13117
5781,32664
5782,961
5783,34030
5784,34156
5785,31280
5786,3514
5787,36180
5788,20177
5789,395
5790,24847
5791,870
5792,244
5793,2614
5794,36551
5795,13303
5796,10015
5797,35880
5798,21325
5799,36934
5800,34615
5801,36327
5802,30365
5803,9982
5804,2099
5805,24175
5806,21507
5807,23847
5808,29085
5809,2862
5810,8840
5811,20931
5812,4732
5813,4087
5814,16512
5815,2602
5816,13667
5817,34393
5818,4872
5819,32684
5820,1927
5821,8316
5822,2079
5823,34754
5824,6438
5825,72
5826,10827
5827,20047
5828,25537
5829,33242
5830,34375
5831,16700
5832,6948
5833,25517
5834,25987
5835,17791
5836,5962
5837,34798
5838,10161
5839,23305
5840,34723
5841,10709
5842,33023
5843,962
5844,6162
5845,8861
5846,6880
5847,3672
5848,6625
5849,14283
5850,32902
5851,4094
5852,18227
5853,4186
5854,7740
5855,8985
5856,13183
5857,37272
5858,1631
5859,29876
5860,381
5861,32876
5862,7597
5863,612
5864,32895
5865,476
5866,1771
5867,28205
5868,24405
5869,17601
5870,1642
5871,34414
5872,23385
5873,34103
5874,3403
5875,18845
5876,3656
5877,13659
5878,21185
5879,2065
5880,8624
5881,33456
5882,483
5883,31463
5884,182
5885,2994
5886,31471
5887,32511
5888,8855
5889,274
5890,6401
5891,3297
5892,21863
5893,1796
5894,235
5895,2201
5896,12863
5897,19151
5898,33969
5899,35448
5900,1263
5901,2143
5902,1524
5903,1818
5904,5998
5905,3225
5906,37283
5907,34391
5908,10604
5909,5538
5910,30745
5911,10396
5912,7591
5913,19581
5914,35842
5915,23969
5916,32338
5917,33607
5918,30464
5919,31485
5920,29755
5921,11697
5922,33253
5923,31405
5924,4896
5925,8245
5926,16353
5927,11497
5928,37664
5929,30795
5930,9782
5931,3783
5932,31566
5933,31035
5934,30512
5935,32553
5936,33724
5937,2077
5938,20083
5939,31630
5940,304
5941,27601
5942,6981
5943,36729
5944,24699
5945,3037
5946,33102
5947,27783
5948,24781
5949,32595
5950,260
5951,7654
5952,6098
5953,6709
5954,1146
5955,34019
5956,24403
5957,25183
5958,525
5959,403
5960,8745
5961,30749
5962,2553
5963,11737
5964,12679
5965,326
5966,30826
5967,1981
5968,31540
5969,24231
5970,590
5971,35297
5972,2901
5973,33733
5974,36688
5975,21751
5976,587
5977,28929
5978,33033
5979,15911
5980,32872
5981,28371
5982,2298
5983,1762
5984,31539
5985,310
5986,35563
5987,33770
5988,32274
5989,36716
5990,4786
5991,490
5992,4910
5993,1045
5994,14199
5995,31071
5996,1225
5997,13409
5998,135
5999,132
6000,35120
6001,1080
6002,34445
6003,14515
6004,8248
6005,32108
6006,9324
6007,1664
6008,3036
6009,26
6010,20673
6011,4811
6012,35602
6013,1316
6014,1732
6015,23133
6016,20541
6017,10079
6018,407
6019,2098
6020,28423
6021,32606
6022,489
6023,33218
6024,5967
6025,10098
6026,4640
6027,366
6028,161
6029,7596
6030,1288
6031,9789
6032,2839
6033,669
6034,6927
6035,9379
6036,2605
6037,6747
6038,1184
6039,9471
6040,21561
6041,36466
6042,1312
6043,95
6044,26165
6045,4026
6046,32948
6047,1172
6048,31233
6049,14765
6050,22763
6051,8972
6052,2346
6053,35625
6054,36261
6055,2606
6056,37126
6057,6904
6058,9331
6059,1897
6060,31231
6061,328
6062,22689
6063,8815
6064,1695
6065,33085
6066,4975
6067,1064
6068,34369
6069,14741
6070,36616
6071,16169
6072,335
6073,3486
6074,19111
6075,3069
6076,14575
6077,28367
6078,2542
6079,33429
6080,5926
6081,37185
6082,6069
6083,33945
6084,30415
6085,34467
6086,9002
6087,113
6088,14991
6089,972
6090,20329
6091,4654
6092,514
6093,10232
6094,34538
6095,34252
6096,472
6097,20835
6098,820
6099,136
6100,36204
6101,36585
6102,30376
6103,10804
6104,818
6105,30242
6106,35418
6107,36480
6108,469
6109,20847
6110,2055
6111,858
6112,5395
6113,14073
6114,20547
6115,578
6116,10887
6117,2182
6118,10590
6119,23971
6120,12189
6121,1328
6122,1257
6123,1982
6124,37096
6125,17074
6126,1196
6127,33762
6128,15045
6129,10924
6130,10419
6131,37678
6132,2765
6133,14075
6134,31750
6135,102
6136,273
6137,33933
6138,143
6139,33501
6140,34751
6141,17269
6142,3467
6143,29589
6144,35198
6145,2418
6146,593
6147,36500
6148,8038
6149,1793
6150,2006
6151,34246
6152,6875
6153,5220
6154,11761
6155,7816
6156,1701
6157,3024
6158,32491
6159,556
6160,3076
6161,1943
6162,36125
6163,263
6164,899
6165,36513
6166,1248
6167,32993
6168,1567
6169,20757
6170,17351
6171,34782
6172,32947
6173,32564
6174,355
6175,229
6176,1647
6177,882
6178,8563
6179,34589
6180,36172
6181,32906
6182,736
6183,10520
6184,8194
6185,1514
6186,16273
6187,21821
6188,6629
6189,323
6190,31678
6191,36511
6192,23579
6193,9347
6194,8317
6195,32620
6196,2775
6197,36029
6198,1733
6199,21407
6200,27899
6201,11887
6202,3002
6203,4565
6204,396
6205,17749
6206,35798
6207,2589
6208,2931
6209,1086
6210,24135
6211,1696
6212,1362
6213,9943
6214,28223
6215,5933
6216,4533
6217,28511
6218,31883
6219,1238
6220,4334
6221,7549
6222,2356
6223,28025
6224,8247
6225,532
6226,7540
6227,31670
6228,174
6229,16199
6230,4810
6231,9893
6232,21353
6233,12221
6234,190
6235,13217
6236,31953
6237,36196
6238,36629
6239,1833
6240,37433
6241,2561
6242,28063
6243,13375
6244,11043
6245,96
6246,2058
6247,1556
6248,3121
6249,34447
6250,33797
6251,31894
6252,31931
6253,3684
6254,10849
6255,5365
6256,35006
6257,1126
6258,246
6259,35427
6260,1589
6261,3034
6262,3007
6263,563
6264,2308
6265,9862
6266,10257
6267,3805
6268,1570
6269,13767
6270,5256
6271,2142
6272,33262
6273,35413
6274,1221
6275,28285
6276,1363
6277,13145
6278,618
6279,16468
6280,460
6281,5530
6282,30544
6283,7897
6284,889
6285,26351
6286,2986
6287,11433
6288,4246
6289,10794
6290,2890
6291,35999
6292,32673
6293,20509
6294,1628
6295,2335
6296,47
6297,1835
6298,36023
6299,12995
6300,2961
6301,23901
6302,33339
6303,34465
6304,15689
6305,3072
6306,1195
6307,2170
6308,35654
6309,36063
6310,1076
6311,6670
6312,18755
6313,1470
6314,24919
6315,11959
6316,8215
6317,3771
6318,1596
6319,4756
6320,36137
6321,15359
6322,4903
6323,977
6324,14175
6325,33129
6326,6165
6327,23309
6328,1351
6329,15335
6330,28149
6331,11577
6332,2035
6333,1734
6334,30617
6335,320
6336,32311
6337,351
6338,30709
6339,5258
6340,33204
6341,3080
6342,17831
6343,31562
6344,10110
6345,34549
6346,27363
6347,30127
6348,408
6349,14349
6350,1109
6351,2230
6352,6046
6353,1893
6354,32852
6355,10671
6356,33709
6357,776
6358,5042
6359,25979
6360,7396
6361,32190
6362,336
6363,31500
6364,33573
6365,32483
6366,9911
6367,29937
6368,34534
6369,2411
6370,30056
6371,2056
6372,35484
6373,10511
6374,7724
6375,31610
6376,33811
6377,1728
6378,6704
6379,2560
6380,12651
6381,2584
6382,32863
6383,693
6384,31711
6385,3842
6386,1067
6387,5116
6388,33508
6389,37178
6390,30705
6391,1954
6392,2167
6393,8457
6394,6211
6395,11005
6396,30485
6397,7720
6398,406
6399,850
6400,4856
6401,36173
6402,496
6403,32202
6404,23153
6405,6280
6406,846
6407,3381
6408,11837
6409,30250
6410,25781
6411,34000
6412,30711
6413,4715
6414,5723
6415,15489
6416,1629
6417,1536
6418,35338
6419,1025
6420,2450
6421,37249
6422,2495
6423,8162
6424,33036
6425,7762
6426,18119
6427,33372
6428,87
6429,1946
6430,3366
6431,5734
6432,9941
6433,907
6434,19163
6435,3778
6436,6324
6437,21867
6438,2013
6439,34658
6440,12857
6441,37019
6442,5082
6443,12551
6444,1887
6445,5278
6446,35624
6447,32817
6448,2942
6449,10119
6450,1138
6451,34456
6452,21273
6453,35219
6454,7559
6455,1471
6456,32582
6457,856
6458,2369
6459,35110
6460,10893
6461,7083
6462,10408
6463,6234
6464,18753
6465,2548
6466,2728
6467,34591
6468,2576
6469,33662
6470,34901
6471,528
6472,19755
6473,610
6474,704
6475,2818
6476,10897
6477,3515
6478,21843
6479,122
6480,1972
6481,15325
6482,2406
6483,18497
6484,14751
6485,2727
6486,7252
6487,9936
6488,10958
6489,23551
6490,1110
6491,12883
6492,4039
6493,19221
6494,34328
6495,23067
6496,33290
6497,30205
6498,31490
6499,6163
6500,37184
6501,36979
6502,32707
6503,57
6504,4684
6505,5830
6506,9781
6507,2324
6508,842
6509,36933
6510,1804
6511,2012
6512,10012
6513,29803
6514,10643
6515,4997
6516,34550
6517,3020
6518,31598
6519,10859
6520,3768
6521,6547
6522,1932
6523,1411
6524,31300
6525,11111
6526,6130
6527,434
6528,34077
6529,4800
6530,31636
6531,6291
6532,420
6533,6984
6534,1548
6535,34961
6536,10967
6537,34614
6538,34841
6539,13681
6540,32481
6541,19855
6542,34187
6543,34233
6544,9491
6545,5274
6546,1425
6547,2034
6548,34427
6549,10460
6550,910
6551,1048
6552,596
6553,36964
6554,901
6555,2565
6556,33674
6557,2159
6558,1212
6559,37029
6560,890
6561,30386
6562,21415
6563,35740
6564,32603
6565,624
6566,12065
6567,4898
6568,18523
6569,1039
6570,13655
6571,3113
6572,19351
6573,19857
6574,30383
6575,33123
6576,19063
6577,1575
6578,33569
6579,5054
6580,14807
6581,3420
6582,19291
6583,32924
6584,23433
6585,33834
6586,23441
6587,24527
6588,1445
6589,9875
6590,1140
6591,6956
6592,7367
6593,34279
6594,5505
6595,1178
6596,32485
6597,2144
6598,17651
6599,15407
6600,3050
6601,27907
6602,6682
6603,6973
6604,5594
6605,2514
6606,35928
6607,1623
6608,17855
6609,14669
6610,34522
6611,24415
6612,478
6613,10917
6614,22785
6615,31918
6616,4948
6617,13595
6618,32153
6619,21653
6620,35586
6621,36856
6622,36580
6623,36579
6624,32218
6625,37144
6626,35141
6627,37790
6628,35047
6629,33957
6630,36578
6631,35350
6632,37133
6633,35140
6634,37020
6635,23003
6636,37620
6637,35593
6638,37814
6639,35817
6640,36582
6641,37860
6642,34490
6643,35142
6644,37802
6645,37859
6646,23245
6647,34845
6648,37619
6649,37858
6650,37755
6651,37895
6652,37888
6653,37667
6654,37090
6655,36913
6656,37493
6657,37896
6658,37494
6659,37894
6660,37405
6661,37886
6662,37255
6663,35229
6664,36315
